Drone_ID,Airbase,Altitude (m),Speed (km/h),Status,Time,Timestamp,Alert_Status,Alert_Flag
D0001,Leh Airbase (Ladakh),192,267,Friendly,10:22:00,1900-01-01 10:22:00,Safe,0
D0002,Tezpur Airbase (Assam),352,203,Unknown,13:25:00,1900-01-01 13:25:00,Intrusion Alert,1
D0003,Leh Airbase (Ladakh),334,277,Friendly,08:53:00,1900-01-01 08:53:00,Safe,0
D0004,Srinagar Airbase (Jammu & Kashmir),126,214,Friendly,11:41:00,1900-01-01 11:41:00,Safe,0
D0005,Jaisalmer Airbase (Rajasthan),396,237,Friendly,13:55:00,1900-01-01 13:55:00,Safe,0
D0006,Bengaluru (Yelahanka) Airbase (Karnataka),326,182,Friendly,17:01:00,1900-01-01 17:01:00,Safe,0
D0007,Leh Airbase (Ladakh),124,137,Friendly,17:18:00,1900-01-01 17:18:00,Safe,0
D0008,Delhi (Hindon) Airbase (Uttar Pradesh),67,113,Friendly,16:16:00,1900-01-01 16:16:00,Safe,0
D0009,Jaisalmer Airbase (Rajasthan),115,143,Unknown,15:00:00,1900-01-01 15:00:00,Safe,0
D0010,Delhi (Hindon) Airbase (Uttar Pradesh),218,120,Friendly,16:49:00,1900-01-01 16:49:00,Safe,0
D0011,Leh Airbase (Ladakh),301,172,Friendly,10:48:00,1900-01-01 10:48:00,Safe,0
D0012,Srinagar Airbase (Jammu & Kashmir),275,125,Unknown,15:12:00,1900-01-01 15:12:00,Safe,0
D0013,Ambala Air Force Station (Haryana),270,121,Friendly,10:51:00,1900-01-01 10:51:00,Safe,0
D0014,Jaisalmer Airbase (Rajasthan),385,189,Friendly,11:17:00,1900-01-01 11:17:00,Safe,0
D0015,Ambala Air Force Station (Haryana),114,142,Friendly,15:34:00,1900-01-01 15:34:00,Safe,0
D0016,Ambala Air Force Station (Haryana),241,272,Friendly,12:38:00,1900-01-01 12:38:00,Safe,0
D0017,Pune (Lohegaon) Airbase (Maharashtra),295,110,Friendly,09:51:00,1900-01-01 09:51:00,Safe,0
D0018,Delhi (Hindon) Airbase (Uttar Pradesh),339,287,Friendly,09:51:00,1900-01-01 09:51:00,Safe,0
D0019,Ambala Air Force Station (Haryana),128,285,Friendly,15:02:00,1900-01-01 15:02:00,Safe,0
D0020,Ambala Air Force Station (Haryana),184,160,Friendly,12:20:00,1900-01-01 12:20:00,Safe,0
D0021,Pune (Lohegaon) Airbase (Maharashtra),229,172,Friendly,09:25:00,1900-01-01 09:25:00,Safe,0
D0022,Srinagar Airbase (Jammu & Kashmir),378,222,Friendly,10:37:00,1900-01-01 10:37:00,Safe,0
D0023,Leh Airbase (Ladakh),265,223,Friendly,11:07:00,1900-01-01 11:07:00,Safe,0
D0024,Tezpur Airbase (Assam),146,167,Friendly,12:36:00,1900-01-01 12:36:00,Safe,0
D0025,Pune (Lohegaon) Airbase (Maharashtra),166,147,Friendly,13:50:00,1900-01-01 13:50:00,Safe,0
D0026,Delhi (Hindon) Airbase (Uttar Pradesh),206,285,Friendly,11:55:00,1900-01-01 11:55:00,Safe,0
D0027,Leh Airbase (Ladakh),113,273,Unknown,09:39:00,1900-01-01 09:39:00,Intrusion Alert,1
D0028,Delhi (Hindon) Airbase (Uttar Pradesh),112,254,Friendly,15:17:00,1900-01-01 15:17:00,Safe,0
D0029,Srinagar Airbase (Jammu & Kashmir),86,109,Friendly,11:44:00,1900-01-01 11:44:00,Safe,0
D0030,Bengaluru (Yelahanka) Airbase (Karnataka),79,107,Unknown,10:11:00,1900-01-01 10:11:00,Safe,0
D0031,Ambala Air Force Station (Haryana),144,108,Friendly,14:43:00,1900-01-01 14:43:00,Safe,0
D0032,Leh Airbase (Ladakh),151,201,Friendly,11:22:00,1900-01-01 11:22:00,Safe,0
D0033,Srinagar Airbase (Jammu & Kashmir),255,243,Friendly,13:44:00,1900-01-01 13:44:00,Safe,0
D0034,Pune (Lohegaon) Airbase (Maharashtra),360,152,Friendly,11:25:00,1900-01-01 11:25:00,Safe,0
D0035,Srinagar Airbase (Jammu & Kashmir),200,172,Friendly,17:11:00,1900-01-01 17:11:00,Safe,0
D0036,Srinagar Airbase (Jammu & Kashmir),117,177,Friendly,14:24:00,1900-01-01 14:24:00,Safe,0
D0037,Tezpur Airbase (Assam),218,260,Friendly,12:43:00,1900-01-01 12:43:00,Safe,0
D0038,Jaisalmer Airbase (Rajasthan),326,251,Friendly,12:09:00,1900-01-01 12:09:00,Safe,0
D0039,Tezpur Airbase (Assam),239,294,Friendly,16:34:00,1900-01-01 16:34:00,Safe,0
D0040,Pune (Lohegaon) Airbase (Maharashtra),244,298,Friendly,16:51:00,1900-01-01 16:51:00,Safe,0
D0041,Jaisalmer Airbase (Rajasthan),35,112,Friendly,17:27:00,1900-01-01 17:27:00,Safe,0
D0042,Tezpur Airbase (Assam),113,279,Friendly,08:38:00,1900-01-01 08:38:00,Safe,0
D0043,Leh Airbase (Ladakh),41,224,Friendly,09:09:00,1900-01-01 09:09:00,Safe,0
D0044,Tezpur Airbase (Assam),186,230,Unknown,11:45:00,1900-01-01 11:45:00,Intrusion Alert,1
D0045,Jaisalmer Airbase (Rajasthan),232,203,Friendly,10:17:00,1900-01-01 10:17:00,Safe,0
D0046,Jaisalmer Airbase (Rajasthan),282,270,Friendly,14:42:00,1900-01-01 14:42:00,Safe,0
D0047,Bengaluru (Yelahanka) Airbase (Karnataka),291,114,Friendly,14:21:00,1900-01-01 14:21:00,Safe,0
D0048,Ambala Air Force Station (Haryana),222,245,Friendly,15:33:00,1900-01-01 15:33:00,Safe,0
D0049,Leh Airbase (Ladakh),279,292,Friendly,11:16:00,1900-01-01 11:16:00,Safe,0
D0050,Delhi (Hindon) Airbase (Uttar Pradesh),349,298,Friendly,11:30:00,1900-01-01 11:30:00,Safe,0
D0051,Pune (Lohegaon) Airbase (Maharashtra),293,236,Unknown,16:18:00,1900-01-01 16:18:00,Intrusion Alert,1
D0052,Leh Airbase (Ladakh),126,131,Unknown,15:56:00,1900-01-01 15:56:00,Safe,0
D0053,Bengaluru (Yelahanka) Airbase (Karnataka),35,240,Friendly,10:37:00,1900-01-01 10:37:00,Safe,0
D0054,Delhi (Hindon) Airbase (Uttar Pradesh),370,284,Friendly,17:38:00,1900-01-01 17:38:00,Safe,0
D0055,Leh Airbase (Ladakh),277,283,Friendly,14:34:00,1900-01-01 14:34:00,Safe,0
D0056,Pune (Lohegaon) Airbase (Maharashtra),307,281,Friendly,13:45:00,1900-01-01 13:45:00,Safe,0
D0057,Tezpur Airbase (Assam),399,287,Friendly,11:47:00,1900-01-01 11:47:00,Safe,0
D0058,Pune (Lohegaon) Airbase (Maharashtra),154,102,Friendly,08:21:00,1900-01-01 08:21:00,Safe,0
D0059,Delhi (Hindon) Airbase (Uttar Pradesh),326,275,Friendly,14:02:00,1900-01-01 14:02:00,Safe,0
D0060,Srinagar Airbase (Jammu & Kashmir),60,242,Friendly,15:35:00,1900-01-01 15:35:00,Safe,0
D0061,Leh Airbase (Ladakh),399,278,Friendly,16:19:00,1900-01-01 16:19:00,Safe,0
D0062,Tezpur Airbase (Assam),164,214,Friendly,10:39:00,1900-01-01 10:39:00,Safe,0
D0063,Ambala Air Force Station (Haryana),337,119,Friendly,13:54:00,1900-01-01 13:54:00,Safe,0
D0064,Bengaluru (Yelahanka) Airbase (Karnataka),281,112,Friendly,17:39:00,1900-01-01 17:39:00,Safe,0
D0065,Ambala Air Force Station (Haryana),355,274,Friendly,16:55:00,1900-01-01 16:55:00,Safe,0
D0066,Delhi (Hindon) Airbase (Uttar Pradesh),180,159,Friendly,11:19:00,1900-01-01 11:19:00,Safe,0
D0067,Bengaluru (Yelahanka) Airbase (Karnataka),99,113,Friendly,08:55:00,1900-01-01 08:55:00,Safe,0
D0068,Tezpur Airbase (Assam),329,101,Friendly,14:54:00,1900-01-01 14:54:00,Safe,0
D0069,Jaisalmer Airbase (Rajasthan),394,114,Friendly,09:45:00,1900-01-01 09:45:00,Safe,0
D0070,Ambala Air Force Station (Haryana),221,250,Friendly,08:18:00,1900-01-01 08:18:00,Safe,0
D0071,Srinagar Airbase (Jammu & Kashmir),209,257,Friendly,15:30:00,1900-01-01 15:30:00,Safe,0
D0072,Leh Airbase (Ladakh),343,178,Friendly,17:42:00,1900-01-01 17:42:00,Safe,0
D0073,Pune (Lohegaon) Airbase (Maharashtra),130,245,Friendly,08:06:00,1900-01-01 08:06:00,Safe,0
D0074,Pune (Lohegaon) Airbase (Maharashtra),195,235,Friendly,15:12:00,1900-01-01 15:12:00,Safe,0
D0075,Ambala Air Force Station (Haryana),182,235,Friendly,11:32:00,1900-01-01 11:32:00,Safe,0
D0076,Pune (Lohegaon) Airbase (Maharashtra),248,173,Friendly,15:10:00,1900-01-01 15:10:00,Safe,0
D0077,Ambala Air Force Station (Haryana),230,183,Friendly,15:14:00,1900-01-01 15:14:00,Safe,0
D0078,Ambala Air Force Station (Haryana),255,122,Friendly,14:16:00,1900-01-01 14:16:00,Safe,0
D0079,Pune (Lohegaon) Airbase (Maharashtra),50,241,Friendly,13:49:00,1900-01-01 13:49:00,Safe,0
D0080,Bengaluru (Yelahanka) Airbase (Karnataka),313,140,Unknown,11:05:00,1900-01-01 11:05:00,Safe,0
D0081,Srinagar Airbase (Jammu & Kashmir),341,217,Friendly,16:01:00,1900-01-01 16:01:00,Safe,0
D0082,Ambala Air Force Station (Haryana),261,284,Friendly,17:39:00,1900-01-01 17:39:00,Safe,0
D0083,Srinagar Airbase (Jammu & Kashmir),313,256,Friendly,16:50:00,1900-01-01 16:50:00,Safe,0
D0084,Tezpur Airbase (Assam),111,284,Friendly,11:38:00,1900-01-01 11:38:00,Safe,0
D0085,Pune (Lohegaon) Airbase (Maharashtra),68,184,Friendly,12:49:00,1900-01-01 12:49:00,Safe,0
D0086,Bengaluru (Yelahanka) Airbase (Karnataka),373,125,Friendly,15:13:00,1900-01-01 15:13:00,Safe,0
D0087,Jaisalmer Airbase (Rajasthan),282,296,Friendly,17:49:00,1900-01-01 17:49:00,Safe,0
D0088,Bengaluru (Yelahanka) Airbase (Karnataka),384,259,Friendly,12:42:00,1900-01-01 12:42:00,Safe,0
D0089,Srinagar Airbase (Jammu & Kashmir),128,176,Friendly,17:51:00,1900-01-01 17:51:00,Safe,0
D0090,Jaisalmer Airbase (Rajasthan),278,128,Friendly,11:50:00,1900-01-01 11:50:00,Safe,0
D0091,Jaisalmer Airbase (Rajasthan),202,295,Friendly,16:22:00,1900-01-01 16:22:00,Safe,0
D0092,Tezpur Airbase (Assam),195,174,Friendly,08:40:00,1900-01-01 08:40:00,Safe,0
D0093,Ambala Air Force Station (Haryana),371,272,Friendly,16:54:00,1900-01-01 16:54:00,Safe,0
D0094,Leh Airbase (Ladakh),273,181,Friendly,08:27:00,1900-01-01 08:27:00,Safe,0
D0095,Bengaluru (Yelahanka) Airbase (Karnataka),216,239,Friendly,11:45:00,1900-01-01 11:45:00,Safe,0
D0096,Tezpur Airbase (Assam),34,201,Unknown,15:13:00,1900-01-01 15:13:00,Intrusion Alert,1
D0097,Tezpur Airbase (Assam),171,195,Friendly,15:29:00,1900-01-01 15:29:00,Safe,0
D0098,Bengaluru (Yelahanka) Airbase (Karnataka),242,293,Friendly,10:53:00,1900-01-01 10:53:00,Safe,0
D0099,Delhi (Hindon) Airbase (Uttar Pradesh),306,129,Friendly,13:57:00,1900-01-01 13:57:00,Safe,0
D0100,Delhi (Hindon) Airbase (Uttar Pradesh),69,234,Unknown,17:22:00,1900-01-01 17:22:00,Intrusion Alert,1
D0101,Tezpur Airbase (Assam),344,221,Friendly,17:05:00,1900-01-01 17:05:00,Safe,0
D0102,Leh Airbase (Ladakh),349,210,Friendly,09:17:00,1900-01-01 09:17:00,Safe,0
D0103,Srinagar Airbase (Jammu & Kashmir),90,221,Friendly,09:37:00,1900-01-01 09:37:00,Safe,0
D0104,Bengaluru (Yelahanka) Airbase (Karnataka),289,104,Friendly,12:33:00,1900-01-01 12:33:00,Safe,0
D0105,Ambala Air Force Station (Haryana),379,105,Friendly,11:12:00,1900-01-01 11:12:00,Safe,0
D0106,Pune (Lohegaon) Airbase (Maharashtra),350,231,Friendly,09:13:00,1900-01-01 09:13:00,Safe,0
D0107,Leh Airbase (Ladakh),234,292,Friendly,08:51:00,1900-01-01 08:51:00,Safe,0
D0108,Jaisalmer Airbase (Rajasthan),100,284,Friendly,11:19:00,1900-01-01 11:19:00,Safe,0
D0109,Delhi (Hindon) Airbase (Uttar Pradesh),248,233,Friendly,16:41:00,1900-01-01 16:41:00,Safe,0
D0110,Bengaluru (Yelahanka) Airbase (Karnataka),285,281,Friendly,08:23:00,1900-01-01 08:23:00,Safe,0
D0111,Pune (Lohegaon) Airbase (Maharashtra),256,100,Friendly,15:37:00,1900-01-01 15:37:00,Safe,0
D0112,Pune (Lohegaon) Airbase (Maharashtra),55,202,Friendly,08:15:00,1900-01-01 08:15:00,Safe,0
D0113,Tezpur Airbase (Assam),250,288,Friendly,15:35:00,1900-01-01 15:35:00,Safe,0
D0114,Pune (Lohegaon) Airbase (Maharashtra),98,237,Friendly,10:50:00,1900-01-01 10:50:00,Safe,0
D0115,Ambala Air Force Station (Haryana),351,294,Friendly,13:54:00,1900-01-01 13:54:00,Safe,0
D0116,Tezpur Airbase (Assam),64,215,Friendly,14:46:00,1900-01-01 14:46:00,Safe,0
D0117,Delhi (Hindon) Airbase (Uttar Pradesh),368,246,Unknown,15:08:00,1900-01-01 15:08:00,Intrusion Alert,1
D0118,Ambala Air Force Station (Haryana),345,221,Friendly,10:38:00,1900-01-01 10:38:00,Safe,0
D0119,Pune (Lohegaon) Airbase (Maharashtra),192,187,Friendly,08:25:00,1900-01-01 08:25:00,Safe,0
D0120,Bengaluru (Yelahanka) Airbase (Karnataka),297,195,Friendly,13:19:00,1900-01-01 13:19:00,Safe,0
D0121,Jaisalmer Airbase (Rajasthan),124,206,Friendly,08:09:00,1900-01-01 08:09:00,Safe,0
D0122,Pune (Lohegaon) Airbase (Maharashtra),290,268,Friendly,17:06:00,1900-01-01 17:06:00,Safe,0
D0123,Pune (Lohegaon) Airbase (Maharashtra),178,245,Friendly,08:33:00,1900-01-01 08:33:00,Safe,0
D0124,Ambala Air Force Station (Haryana),209,186,Friendly,13:18:00,1900-01-01 13:18:00,Safe,0
D0125,Ambala Air Force Station (Haryana),98,228,Friendly,16:06:00,1900-01-01 16:06:00,Safe,0
D0126,Ambala Air Force Station (Haryana),101,202,Friendly,08:58:00,1900-01-01 08:58:00,Safe,0
D0127,Ambala Air Force Station (Haryana),281,263,Friendly,10:15:00,1900-01-01 10:15:00,Safe,0
D0128,Jaisalmer Airbase (Rajasthan),217,105,Friendly,09:58:00,1900-01-01 09:58:00,Safe,0
D0129,Pune (Lohegaon) Airbase (Maharashtra),213,292,Unknown,10:13:00,1900-01-01 10:13:00,Intrusion Alert,1
D0130,Delhi (Hindon) Airbase (Uttar Pradesh),206,233,Friendly,08:09:00,1900-01-01 08:09:00,Safe,0
D0131,Pune (Lohegaon) Airbase (Maharashtra),338,212,Friendly,16:23:00,1900-01-01 16:23:00,Safe,0
D0132,Jaisalmer Airbase (Rajasthan),136,275,Friendly,10:25:00,1900-01-01 10:25:00,Safe,0
D0133,Tezpur Airbase (Assam),383,202,Friendly,17:27:00,1900-01-01 17:27:00,Safe,0
D0134,Leh Airbase (Ladakh),61,292,Friendly,16:00:00,1900-01-01 16:00:00,Safe,0
D0135,Srinagar Airbase (Jammu & Kashmir),396,116,Friendly,13:01:00,1900-01-01 13:01:00,Safe,0
D0136,Ambala Air Force Station (Haryana),324,140,Friendly,14:06:00,1900-01-01 14:06:00,Safe,0
D0137,Leh Airbase (Ladakh),359,187,Unknown,16:07:00,1900-01-01 16:07:00,Safe,0
D0138,Jaisalmer Airbase (Rajasthan),309,140,Friendly,09:58:00,1900-01-01 09:58:00,Safe,0
D0139,Leh Airbase (Ladakh),219,221,Friendly,08:20:00,1900-01-01 08:20:00,Safe,0
D0140,Jaisalmer Airbase (Rajasthan),59,166,Unknown,10:38:00,1900-01-01 10:38:00,Safe,0
D0141,Jaisalmer Airbase (Rajasthan),354,280,Unknown,09:43:00,1900-01-01 09:43:00,Intrusion Alert,1
D0142,Jaisalmer Airbase (Rajasthan),218,136,Friendly,16:45:00,1900-01-01 16:45:00,Safe,0
D0143,Srinagar Airbase (Jammu & Kashmir),383,181,Friendly,17:23:00,1900-01-01 17:23:00,Safe,0
D0144,Ambala Air Force Station (Haryana),325,230,Friendly,11:41:00,1900-01-01 11:41:00,Safe,0
D0145,Bengaluru (Yelahanka) Airbase (Karnataka),223,120,Unknown,16:12:00,1900-01-01 16:12:00,Safe,0
D0146,Delhi (Hindon) Airbase (Uttar Pradesh),158,286,Friendly,15:46:00,1900-01-01 15:46:00,Safe,0
D0147,Pune (Lohegaon) Airbase (Maharashtra),245,231,Friendly,11:15:00,1900-01-01 11:15:00,Safe,0
D0148,Delhi (Hindon) Airbase (Uttar Pradesh),372,250,Friendly,10:16:00,1900-01-01 10:16:00,Safe,0
D0149,Pune (Lohegaon) Airbase (Maharashtra),223,242,Friendly,17:21:00,1900-01-01 17:21:00,Safe,0
D0150,Ambala Air Force Station (Haryana),246,192,Friendly,08:03:00,1900-01-01 08:03:00,Safe,0
D0151,Jaisalmer Airbase (Rajasthan),92,162,Friendly,13:33:00,1900-01-01 13:33:00,Safe,0
D0152,Ambala Air Force Station (Haryana),297,277,Friendly,16:28:00,1900-01-01 16:28:00,Safe,0
D0153,Jaisalmer Airbase (Rajasthan),88,187,Friendly,16:37:00,1900-01-01 16:37:00,Safe,0
D0154,Bengaluru (Yelahanka) Airbase (Karnataka),188,127,Friendly,09:06:00,1900-01-01 09:06:00,Safe,0
D0155,Pune (Lohegaon) Airbase (Maharashtra),38,148,Friendly,16:14:00,1900-01-01 16:14:00,Safe,0
D0156,Srinagar Airbase (Jammu & Kashmir),97,170,Friendly,17:02:00,1900-01-01 17:02:00,Safe,0
D0157,Delhi (Hindon) Airbase (Uttar Pradesh),320,259,Friendly,11:27:00,1900-01-01 11:27:00,Safe,0
D0158,Pune (Lohegaon) Airbase (Maharashtra),152,204,Friendly,11:07:00,1900-01-01 11:07:00,Safe,0
D0159,Tezpur Airbase (Assam),138,223,Friendly,13:13:00,1900-01-01 13:13:00,Safe,0
D0160,Tezpur Airbase (Assam),238,184,Friendly,08:26:00,1900-01-01 08:26:00,Safe,0
D0161,Pune (Lohegaon) Airbase (Maharashtra),66,118,Friendly,15:53:00,1900-01-01 15:53:00,Safe,0
D0162,Jaisalmer Airbase (Rajasthan),94,196,Friendly,11:34:00,1900-01-01 11:34:00,Safe,0
D0163,Ambala Air Force Station (Haryana),42,242,Friendly,08:53:00,1900-01-01 08:53:00,Safe,0
D0164,Pune (Lohegaon) Airbase (Maharashtra),309,206,Unknown,14:10:00,1900-01-01 14:10:00,Intrusion Alert,1
D0165,Leh Airbase (Ladakh),361,298,Friendly,14:47:00,1900-01-01 14:47:00,Safe,0
D0166,Srinagar Airbase (Jammu & Kashmir),301,285,Friendly,08:20:00,1900-01-01 08:20:00,Safe,0
D0167,Bengaluru (Yelahanka) Airbase (Karnataka),38,203,Friendly,17:32:00,1900-01-01 17:32:00,Safe,0
D0168,Jaisalmer Airbase (Rajasthan),50,122,Friendly,17:50:00,1900-01-01 17:50:00,Safe,0
D0169,Tezpur Airbase (Assam),161,155,Friendly,11:35:00,1900-01-01 11:35:00,Safe,0
D0170,Tezpur Airbase (Assam),378,157,Friendly,08:25:00,1900-01-01 08:25:00,Safe,0
D0171,Jaisalmer Airbase (Rajasthan),278,291,Unknown,12:42:00,1900-01-01 12:42:00,Intrusion Alert,1
D0172,Leh Airbase (Ladakh),102,283,Friendly,16:40:00,1900-01-01 16:40:00,Safe,0
D0173,Jaisalmer Airbase (Rajasthan),203,249,Friendly,11:23:00,1900-01-01 11:23:00,Safe,0
D0174,Tezpur Airbase (Assam),287,259,Friendly,12:35:00,1900-01-01 12:35:00,Safe,0
D0175,Pune (Lohegaon) Airbase (Maharashtra),260,232,Friendly,14:13:00,1900-01-01 14:13:00,Safe,0
D0176,Ambala Air Force Station (Haryana),115,293,Friendly,08:13:00,1900-01-01 08:13:00,Safe,0
D0177,Jaisalmer Airbase (Rajasthan),86,113,Friendly,10:04:00,1900-01-01 10:04:00,Safe,0
D0178,Tezpur Airbase (Assam),296,273,Friendly,08:34:00,1900-01-01 08:34:00,Safe,0
D0179,Leh Airbase (Ladakh),366,229,Friendly,13:46:00,1900-01-01 13:46:00,Safe,0
D0180,Delhi (Hindon) Airbase (Uttar Pradesh),175,236,Friendly,09:53:00,1900-01-01 09:53:00,Safe,0
D0181,Bengaluru (Yelahanka) Airbase (Karnataka),95,144,Friendly,08:19:00,1900-01-01 08:19:00,Safe,0
D0182,Tezpur Airbase (Assam),208,278,Unknown,10:45:00,1900-01-01 10:45:00,Intrusion Alert,1
D0183,Ambala Air Force Station (Haryana),64,115,Friendly,15:18:00,1900-01-01 15:18:00,Safe,0
D0184,Delhi (Hindon) Airbase (Uttar Pradesh),328,281,Friendly,16:17:00,1900-01-01 16:17:00,Safe,0
D0185,Leh Airbase (Ladakh),299,132,Friendly,08:01:00,1900-01-01 08:01:00,Safe,0
D0186,Ambala Air Force Station (Haryana),192,153,Friendly,08:33:00,1900-01-01 08:33:00,Safe,0
D0187,Jaisalmer Airbase (Rajasthan),111,106,Friendly,13:37:00,1900-01-01 13:37:00,Safe,0
D0188,Pune (Lohegaon) Airbase (Maharashtra),156,180,Friendly,11:10:00,1900-01-01 11:10:00,Safe,0
D0189,Delhi (Hindon) Airbase (Uttar Pradesh),313,250,Friendly,08:18:00,1900-01-01 08:18:00,Safe,0
D0190,Jaisalmer Airbase (Rajasthan),367,188,Friendly,15:22:00,1900-01-01 15:22:00,Safe,0
D0191,Delhi (Hindon) Airbase (Uttar Pradesh),313,132,Friendly,15:25:00,1900-01-01 15:25:00,Safe,0
D0192,Jaisalmer Airbase (Rajasthan),215,142,Friendly,11:15:00,1900-01-01 11:15:00,Safe,0
D0193,Delhi (Hindon) Airbase (Uttar Pradesh),395,159,Unknown,14:26:00,1900-01-01 14:26:00,Safe,0
D0194,Ambala Air Force Station (Haryana),234,209,Friendly,11:51:00,1900-01-01 11:51:00,Safe,0
D0195,Jaisalmer Airbase (Rajasthan),85,132,Friendly,15:30:00,1900-01-01 15:30:00,Safe,0
D0196,Pune (Lohegaon) Airbase (Maharashtra),153,108,Friendly,09:14:00,1900-01-01 09:14:00,Safe,0
D0197,Srinagar Airbase (Jammu & Kashmir),331,111,Friendly,11:09:00,1900-01-01 11:09:00,Safe,0
D0198,Bengaluru (Yelahanka) Airbase (Karnataka),282,243,Friendly,08:10:00,1900-01-01 08:10:00,Safe,0
D0199,Tezpur Airbase (Assam),208,199,Friendly,14:03:00,1900-01-01 14:03:00,Safe,0
D0200,Ambala Air Force Station (Haryana),53,245,Unknown,12:03:00,1900-01-01 12:03:00,Intrusion Alert,1
D0201,Delhi (Hindon) Airbase (Uttar Pradesh),96,170,Friendly,13:57:00,1900-01-01 13:57:00,Safe,0
D0202,Srinagar Airbase (Jammu & Kashmir),265,188,Friendly,11:25:00,1900-01-01 11:25:00,Safe,0
D0203,Pune (Lohegaon) Airbase (Maharashtra),90,151,Friendly,16:32:00,1900-01-01 16:32:00,Safe,0
D0204,Srinagar Airbase (Jammu & Kashmir),56,147,Friendly,13:41:00,1900-01-01 13:41:00,Safe,0
D0205,Bengaluru (Yelahanka) Airbase (Karnataka),356,119,Friendly,16:17:00,1900-01-01 16:17:00,Safe,0
D0206,Srinagar Airbase (Jammu & Kashmir),237,234,Friendly,15:14:00,1900-01-01 15:14:00,Safe,0
D0207,Ambala Air Force Station (Haryana),303,242,Friendly,11:02:00,1900-01-01 11:02:00,Safe,0
D0208,Leh Airbase (Ladakh),136,288,Unknown,13:26:00,1900-01-01 13:26:00,Intrusion Alert,1
D0209,Ambala Air Force Station (Haryana),315,261,Friendly,12:49:00,1900-01-01 12:49:00,Safe,0
D0210,Pune (Lohegaon) Airbase (Maharashtra),268,286,Friendly,10:33:00,1900-01-01 10:33:00,Safe,0
D0211,Tezpur Airbase (Assam),176,181,Friendly,08:40:00,1900-01-01 08:40:00,Safe,0
D0212,Bengaluru (Yelahanka) Airbase (Karnataka),193,291,Friendly,08:17:00,1900-01-01 08:17:00,Safe,0
D0213,Ambala Air Force Station (Haryana),302,115,Unknown,10:38:00,1900-01-01 10:38:00,Safe,0
D0214,Jaisalmer Airbase (Rajasthan),72,273,Friendly,14:08:00,1900-01-01 14:08:00,Safe,0
D0215,Delhi (Hindon) Airbase (Uttar Pradesh),276,277,Friendly,16:25:00,1900-01-01 16:25:00,Safe,0
D0216,Jaisalmer Airbase (Rajasthan),371,254,Friendly,16:02:00,1900-01-01 16:02:00,Safe,0
D0217,Bengaluru (Yelahanka) Airbase (Karnataka),272,246,Friendly,10:51:00,1900-01-01 10:51:00,Safe,0
D0218,Leh Airbase (Ladakh),143,297,Unknown,08:59:00,1900-01-01 08:59:00,Intrusion Alert,1
D0219,Delhi (Hindon) Airbase (Uttar Pradesh),218,268,Friendly,10:08:00,1900-01-01 10:08:00,Safe,0
D0220,Tezpur Airbase (Assam),187,293,Friendly,16:19:00,1900-01-01 16:19:00,Safe,0
D0221,Srinagar Airbase (Jammu & Kashmir),210,171,Friendly,09:32:00,1900-01-01 09:32:00,Safe,0
D0222,Jaisalmer Airbase (Rajasthan),260,235,Friendly,17:40:00,1900-01-01 17:40:00,Safe,0
D0223,Jaisalmer Airbase (Rajasthan),131,299,Unknown,11:39:00,1900-01-01 11:39:00,Intrusion Alert,1
D0224,Pune (Lohegaon) Airbase (Maharashtra),121,139,Friendly,08:42:00,1900-01-01 08:42:00,Safe,0
D0225,Bengaluru (Yelahanka) Airbase (Karnataka),257,203,Friendly,08:59:00,1900-01-01 08:59:00,Safe,0
D0226,Srinagar Airbase (Jammu & Kashmir),334,141,Friendly,14:01:00,1900-01-01 14:01:00,Safe,0
D0227,Tezpur Airbase (Assam),286,170,Friendly,08:02:00,1900-01-01 08:02:00,Safe,0
D0228,Ambala Air Force Station (Haryana),399,271,Friendly,12:16:00,1900-01-01 12:16:00,Safe,0
D0229,Jaisalmer Airbase (Rajasthan),66,199,Friendly,17:03:00,1900-01-01 17:03:00,Safe,0
D0230,Leh Airbase (Ladakh),34,219,Friendly,08:03:00,1900-01-01 08:03:00,Safe,0
D0231,Ambala Air Force Station (Haryana),49,217,Friendly,12:11:00,1900-01-01 12:11:00,Safe,0
D0232,Srinagar Airbase (Jammu & Kashmir),310,242,Friendly,09:10:00,1900-01-01 09:10:00,Safe,0
D0233,Leh Airbase (Ladakh),192,194,Friendly,14:34:00,1900-01-01 14:34:00,Safe,0
D0234,Tezpur Airbase (Assam),315,244,Unknown,16:32:00,1900-01-01 16:32:00,Intrusion Alert,1
D0235,Pune (Lohegaon) Airbase (Maharashtra),240,115,Friendly,13:50:00,1900-01-01 13:50:00,Safe,0
D0236,Ambala Air Force Station (Haryana),36,235,Friendly,12:31:00,1900-01-01 12:31:00,Safe,0
D0237,Jaisalmer Airbase (Rajasthan),66,232,Friendly,12:35:00,1900-01-01 12:35:00,Safe,0
D0238,Delhi (Hindon) Airbase (Uttar Pradesh),135,137,Friendly,12:22:00,1900-01-01 12:22:00,Safe,0
D0239,Srinagar Airbase (Jammu & Kashmir),320,271,Friendly,15:48:00,1900-01-01 15:48:00,Safe,0
D0240,Tezpur Airbase (Assam),107,276,Friendly,15:15:00,1900-01-01 15:15:00,Safe,0
D0241,Ambala Air Force Station (Haryana),323,239,Friendly,16:18:00,1900-01-01 16:18:00,Safe,0
D0242,Bengaluru (Yelahanka) Airbase (Karnataka),310,243,Friendly,17:47:00,1900-01-01 17:47:00,Safe,0
D0243,Pune (Lohegaon) Airbase (Maharashtra),67,164,Friendly,10:10:00,1900-01-01 10:10:00,Safe,0
D0244,Delhi (Hindon) Airbase (Uttar Pradesh),161,268,Friendly,13:32:00,1900-01-01 13:32:00,Safe,0
D0245,Ambala Air Force Station (Haryana),224,280,Friendly,08:29:00,1900-01-01 08:29:00,Safe,0
D0246,Pune (Lohegaon) Airbase (Maharashtra),162,125,Friendly,13:59:00,1900-01-01 13:59:00,Safe,0
D0247,Bengaluru (Yelahanka) Airbase (Karnataka),91,233,Friendly,14:46:00,1900-01-01 14:46:00,Safe,0
D0248,Delhi (Hindon) Airbase (Uttar Pradesh),160,268,Friendly,14:16:00,1900-01-01 14:16:00,Safe,0
D0249,Jaisalmer Airbase (Rajasthan),74,161,Friendly,13:29:00,1900-01-01 13:29:00,Safe,0
D0250,Delhi (Hindon) Airbase (Uttar Pradesh),395,195,Friendly,16:47:00,1900-01-01 16:47:00,Safe,0
D0251,Leh Airbase (Ladakh),114,119,Friendly,17:55:00,1900-01-01 17:55:00,Safe,0
D0252,Pune (Lohegaon) Airbase (Maharashtra),297,193,Friendly,14:54:00,1900-01-01 14:54:00,Safe,0
D0253,Ambala Air Force Station (Haryana),31,296,Friendly,17:16:00,1900-01-01 17:16:00,Safe,0
D0254,Srinagar Airbase (Jammu & Kashmir),139,164,Friendly,12:09:00,1900-01-01 12:09:00,Safe,0
D0255,Ambala Air Force Station (Haryana),379,125,Friendly,08:55:00,1900-01-01 08:55:00,Safe,0
D0256,Tezpur Airbase (Assam),271,263,Friendly,13:11:00,1900-01-01 13:11:00,Safe,0
D0257,Bengaluru (Yelahanka) Airbase (Karnataka),85,181,Friendly,14:48:00,1900-01-01 14:48:00,Safe,0
D0258,Delhi (Hindon) Airbase (Uttar Pradesh),31,177,Friendly,15:03:00,1900-01-01 15:03:00,Safe,0
D0259,Leh Airbase (Ladakh),84,272,Friendly,17:42:00,1900-01-01 17:42:00,Safe,0
D0260,Pune (Lohegaon) Airbase (Maharashtra),136,260,Friendly,08:01:00,1900-01-01 08:01:00,Safe,0
D0261,Pune (Lohegaon) Airbase (Maharashtra),214,124,Friendly,13:06:00,1900-01-01 13:06:00,Safe,0
D0262,Ambala Air Force Station (Haryana),133,122,Friendly,13:09:00,1900-01-01 13:09:00,Safe,0
D0263,Srinagar Airbase (Jammu & Kashmir),363,130,Friendly,13:01:00,1900-01-01 13:01:00,Safe,0
D0264,Delhi (Hindon) Airbase (Uttar Pradesh),360,179,Friendly,10:22:00,1900-01-01 10:22:00,Safe,0
D0265,Srinagar Airbase (Jammu & Kashmir),98,278,Friendly,14:19:00,1900-01-01 14:19:00,Safe,0
D0266,Delhi (Hindon) Airbase (Uttar Pradesh),73,213,Friendly,10:30:00,1900-01-01 10:30:00,Safe,0
D0267,Jaisalmer Airbase (Rajasthan),159,265,Friendly,11:32:00,1900-01-01 11:32:00,Safe,0
D0268,Pune (Lohegaon) Airbase (Maharashtra),124,154,Friendly,13:28:00,1900-01-01 13:28:00,Safe,0
D0269,Jaisalmer Airbase (Rajasthan),190,205,Unknown,10:33:00,1900-01-01 10:33:00,Intrusion Alert,1
D0270,Jaisalmer Airbase (Rajasthan),45,287,Friendly,09:05:00,1900-01-01 09:05:00,Safe,0
D0271,Delhi (Hindon) Airbase (Uttar Pradesh),285,196,Friendly,17:28:00,1900-01-01 17:28:00,Safe,0
D0272,Jaisalmer Airbase (Rajasthan),268,285,Friendly,10:58:00,1900-01-01 10:58:00,Safe,0
D0273,Tezpur Airbase (Assam),320,156,Friendly,16:18:00,1900-01-01 16:18:00,Safe,0
D0274,Bengaluru (Yelahanka) Airbase (Karnataka),334,241,Friendly,13:01:00,1900-01-01 13:01:00,Safe,0
D0275,Jaisalmer Airbase (Rajasthan),304,149,Unknown,13:34:00,1900-01-01 13:34:00,Safe,0
D0276,Srinagar Airbase (Jammu & Kashmir),89,101,Friendly,09:19:00,1900-01-01 09:19:00,Safe,0
D0277,Ambala Air Force Station (Haryana),182,235,Unknown,17:41:00,1900-01-01 17:41:00,Intrusion Alert,1
D0278,Pune (Lohegaon) Airbase (Maharashtra),170,162,Friendly,11:32:00,1900-01-01 11:32:00,Safe,0
D0279,Leh Airbase (Ladakh),252,152,Friendly,12:31:00,1900-01-01 12:31:00,Safe,0
D0280,Delhi (Hindon) Airbase (Uttar Pradesh),155,164,Friendly,14:34:00,1900-01-01 14:34:00,Safe,0
D0281,Jaisalmer Airbase (Rajasthan),145,159,Friendly,12:32:00,1900-01-01 12:32:00,Safe,0
D0282,Pune (Lohegaon) Airbase (Maharashtra),304,294,Friendly,15:50:00,1900-01-01 15:50:00,Safe,0
D0283,Srinagar Airbase (Jammu & Kashmir),166,201,Friendly,10:32:00,1900-01-01 10:32:00,Safe,0
D0284,Srinagar Airbase (Jammu & Kashmir),397,157,Friendly,17:19:00,1900-01-01 17:19:00,Safe,0
D0285,Pune (Lohegaon) Airbase (Maharashtra),265,215,Friendly,08:30:00,1900-01-01 08:30:00,Safe,0
D0286,Ambala Air Force Station (Haryana),259,224,Friendly,16:42:00,1900-01-01 16:42:00,Safe,0
D0287,Bengaluru (Yelahanka) Airbase (Karnataka),227,130,Friendly,14:44:00,1900-01-01 14:44:00,Safe,0
D0288,Delhi (Hindon) Airbase (Uttar Pradesh),252,135,Friendly,12:50:00,1900-01-01 12:50:00,Safe,0
D0289,Leh Airbase (Ladakh),144,230,Friendly,16:56:00,1900-01-01 16:56:00,Safe,0
D0290,Bengaluru (Yelahanka) Airbase (Karnataka),82,253,Friendly,14:45:00,1900-01-01 14:45:00,Safe,0
D0291,Ambala Air Force Station (Haryana),205,111,Friendly,14:53:00,1900-01-01 14:53:00,Safe,0
D0292,Bengaluru (Yelahanka) Airbase (Karnataka),384,218,Unknown,14:42:00,1900-01-01 14:42:00,Intrusion Alert,1
D0293,Tezpur Airbase (Assam),305,187,Friendly,14:26:00,1900-01-01 14:26:00,Safe,0
D0294,Delhi (Hindon) Airbase (Uttar Pradesh),371,198,Friendly,09:46:00,1900-01-01 09:46:00,Safe,0
D0295,Tezpur Airbase (Assam),106,268,Friendly,08:02:00,1900-01-01 08:02:00,Safe,0
D0296,Tezpur Airbase (Assam),186,226,Friendly,14:18:00,1900-01-01 14:18:00,Safe,0
D0297,Jaisalmer Airbase (Rajasthan),302,173,Friendly,12:01:00,1900-01-01 12:01:00,Safe,0
D0298,Bengaluru (Yelahanka) Airbase (Karnataka),77,280,Unknown,08:26:00,1900-01-01 08:26:00,Intrusion Alert,1
D0299,Ambala Air Force Station (Haryana),160,172,Friendly,14:49:00,1900-01-01 14:49:00,Safe,0
D0300,Bengaluru (Yelahanka) Airbase (Karnataka),227,120,Friendly,13:37:00,1900-01-01 13:37:00,Safe,0
D0301,Jaisalmer Airbase (Rajasthan),185,241,Unknown,17:50:00,1900-01-01 17:50:00,Intrusion Alert,1
D0302,Srinagar Airbase (Jammu & Kashmir),215,160,Friendly,09:31:00,1900-01-01 09:31:00,Safe,0
D0303,Pune (Lohegaon) Airbase (Maharashtra),240,167,Friendly,17:20:00,1900-01-01 17:20:00,Safe,0
D0304,Tezpur Airbase (Assam),303,202,Friendly,15:33:00,1900-01-01 15:33:00,Safe,0
D0305,Srinagar Airbase (Jammu & Kashmir),60,152,Friendly,16:44:00,1900-01-01 16:44:00,Safe,0
D0306,Jaisalmer Airbase (Rajasthan),172,254,Friendly,10:36:00,1900-01-01 10:36:00,Safe,0
D0307,Tezpur Airbase (Assam),381,224,Friendly,17:15:00,1900-01-01 17:15:00,Safe,0
D0308,Bengaluru (Yelahanka) Airbase (Karnataka),382,278,Unknown,14:45:00,1900-01-01 14:45:00,Intrusion Alert,1
D0309,Leh Airbase (Ladakh),57,168,Friendly,16:02:00,1900-01-01 16:02:00,Safe,0
D0310,Leh Airbase (Ladakh),366,282,Unknown,09:22:00,1900-01-01 09:22:00,Intrusion Alert,1
D0311,Tezpur Airbase (Assam),324,214,Friendly,08:20:00,1900-01-01 08:20:00,Safe,0
D0312,Jaisalmer Airbase (Rajasthan),130,261,Friendly,15:10:00,1900-01-01 15:10:00,Safe,0
D0313,Ambala Air Force Station (Haryana),384,261,Unknown,11:53:00,1900-01-01 11:53:00,Intrusion Alert,1
D0314,Leh Airbase (Ladakh),293,223,Friendly,11:52:00,1900-01-01 11:52:00,Safe,0
D0315,Srinagar Airbase (Jammu & Kashmir),301,255,Friendly,10:00:00,1900-01-01 10:00:00,Safe,0
D0316,Pune (Lohegaon) Airbase (Maharashtra),179,187,Friendly,11:20:00,1900-01-01 11:20:00,Safe,0
D0317,Pune (Lohegaon) Airbase (Maharashtra),200,176,Friendly,13:37:00,1900-01-01 13:37:00,Safe,0
D0318,Srinagar Airbase (Jammu & Kashmir),211,164,Friendly,15:15:00,1900-01-01 15:15:00,Safe,0
D0319,Leh Airbase (Ladakh),80,128,Friendly,15:49:00,1900-01-01 15:49:00,Safe,0
D0320,Ambala Air Force Station (Haryana),76,259,Friendly,08:04:00,1900-01-01 08:04:00,Safe,0
D0321,Ambala Air Force Station (Haryana),181,299,Friendly,09:18:00,1900-01-01 09:18:00,Safe,0
D0322,Leh Airbase (Ladakh),306,134,Friendly,10:15:00,1900-01-01 10:15:00,Safe,0
D0323,Delhi (Hindon) Airbase (Uttar Pradesh),189,260,Friendly,12:04:00,1900-01-01 12:04:00,Safe,0
D0324,Delhi (Hindon) Airbase (Uttar Pradesh),108,183,Friendly,15:06:00,1900-01-01 15:06:00,Safe,0
D0325,Srinagar Airbase (Jammu & Kashmir),142,107,Unknown,11:58:00,1900-01-01 11:58:00,Safe,0
D0326,Jaisalmer Airbase (Rajasthan),115,243,Friendly,17:25:00,1900-01-01 17:25:00,Safe,0
D0327,Leh Airbase (Ladakh),258,181,Friendly,13:22:00,1900-01-01 13:22:00,Safe,0
D0328,Ambala Air Force Station (Haryana),263,110,Unknown,11:46:00,1900-01-01 11:46:00,Safe,0
D0329,Jaisalmer Airbase (Rajasthan),311,217,Friendly,08:06:00,1900-01-01 08:06:00,Safe,0
D0330,Srinagar Airbase (Jammu & Kashmir),56,241,Friendly,11:38:00,1900-01-01 11:38:00,Safe,0
D0331,Leh Airbase (Ladakh),260,266,Unknown,17:04:00,1900-01-01 17:04:00,Intrusion Alert,1
D0332,Leh Airbase (Ladakh),51,280,Friendly,12:31:00,1900-01-01 12:31:00,Safe,0
D0333,Leh Airbase (Ladakh),131,106,Friendly,14:28:00,1900-01-01 14:28:00,Safe,0
D0334,Pune (Lohegaon) Airbase (Maharashtra),170,280,Friendly,15:20:00,1900-01-01 15:20:00,Safe,0
D0335,Delhi (Hindon) Airbase (Uttar Pradesh),217,138,Friendly,13:00:00,1900-01-01 13:00:00,Safe,0
D0336,Ambala Air Force Station (Haryana),36,190,Unknown,16:43:00,1900-01-01 16:43:00,Intrusion Alert,1
D0337,Pune (Lohegaon) Airbase (Maharashtra),338,142,Friendly,16:17:00,1900-01-01 16:17:00,Safe,0
D0338,Delhi (Hindon) Airbase (Uttar Pradesh),112,130,Friendly,16:19:00,1900-01-01 16:19:00,Safe,0
D0339,Srinagar Airbase (Jammu & Kashmir),250,190,Unknown,13:04:00,1900-01-01 13:04:00,Safe,0
D0340,Ambala Air Force Station (Haryana),166,264,Friendly,15:04:00,1900-01-01 15:04:00,Safe,0
D0341,Pune (Lohegaon) Airbase (Maharashtra),230,250,Friendly,11:33:00,1900-01-01 11:33:00,Safe,0
D0342,Bengaluru (Yelahanka) Airbase (Karnataka),180,161,Friendly,17:51:00,1900-01-01 17:51:00,Safe,0
D0343,Bengaluru (Yelahanka) Airbase (Karnataka),325,216,Friendly,11:45:00,1900-01-01 11:45:00,Safe,0
D0344,Srinagar Airbase (Jammu & Kashmir),68,145,Friendly,17:15:00,1900-01-01 17:15:00,Safe,0
D0345,Bengaluru (Yelahanka) Airbase (Karnataka),256,143,Friendly,13:22:00,1900-01-01 13:22:00,Safe,0
D0346,Srinagar Airbase (Jammu & Kashmir),162,111,Friendly,13:38:00,1900-01-01 13:38:00,Safe,0
D0347,Tezpur Airbase (Assam),50,261,Unknown,16:39:00,1900-01-01 16:39:00,Intrusion Alert,1
D0348,Pune (Lohegaon) Airbase (Maharashtra),140,240,Friendly,12:55:00,1900-01-01 12:55:00,Safe,0
D0349,Ambala Air Force Station (Haryana),165,232,Friendly,10:28:00,1900-01-01 10:28:00,Safe,0
D0350,Ambala Air Force Station (Haryana),170,154,Friendly,16:41:00,1900-01-01 16:41:00,Safe,0
D0351,Jaisalmer Airbase (Rajasthan),222,220,Friendly,13:39:00,1900-01-01 13:39:00,Safe,0
D0352,Srinagar Airbase (Jammu & Kashmir),166,299,Friendly,08:28:00,1900-01-01 08:28:00,Safe,0
D0353,Pune (Lohegaon) Airbase (Maharashtra),280,198,Friendly,15:49:00,1900-01-01 15:49:00,Safe,0
D0354,Delhi (Hindon) Airbase (Uttar Pradesh),169,250,Friendly,08:33:00,1900-01-01 08:33:00,Safe,0
D0355,Bengaluru (Yelahanka) Airbase (Karnataka),260,203,Friendly,13:34:00,1900-01-01 13:34:00,Safe,0
D0356,Jaisalmer Airbase (Rajasthan),234,177,Unknown,16:51:00,1900-01-01 16:51:00,Safe,0
D0357,Bengaluru (Yelahanka) Airbase (Karnataka),158,271,Friendly,17:02:00,1900-01-01 17:02:00,Safe,0
D0358,Delhi (Hindon) Airbase (Uttar Pradesh),246,252,Friendly,16:42:00,1900-01-01 16:42:00,Safe,0
D0359,Leh Airbase (Ladakh),396,151,Friendly,11:57:00,1900-01-01 11:57:00,Safe,0
D0360,Tezpur Airbase (Assam),135,251,Friendly,13:48:00,1900-01-01 13:48:00,Safe,0
D0361,Leh Airbase (Ladakh),73,290,Friendly,16:44:00,1900-01-01 16:44:00,Safe,0
D0362,Srinagar Airbase (Jammu & Kashmir),197,141,Friendly,14:32:00,1900-01-01 14:32:00,Safe,0
D0363,Tezpur Airbase (Assam),255,253,Unknown,16:54:00,1900-01-01 16:54:00,Intrusion Alert,1
D0364,Leh Airbase (Ladakh),380,147,Unknown,15:12:00,1900-01-01 15:12:00,Safe,0
D0365,Leh Airbase (Ladakh),391,150,Friendly,16:02:00,1900-01-01 16:02:00,Safe,0
D0366,Delhi (Hindon) Airbase (Uttar Pradesh),162,144,Friendly,09:38:00,1900-01-01 09:38:00,Safe,0
D0367,Ambala Air Force Station (Haryana),234,210,Friendly,11:25:00,1900-01-01 11:25:00,Safe,0
D0368,Jaisalmer Airbase (Rajasthan),133,299,Friendly,14:26:00,1900-01-01 14:26:00,Safe,0
D0369,Ambala Air Force Station (Haryana),344,154,Friendly,15:34:00,1900-01-01 15:34:00,Safe,0
D0370,Jaisalmer Airbase (Rajasthan),264,203,Friendly,10:26:00,1900-01-01 10:26:00,Safe,0
D0371,Ambala Air Force Station (Haryana),316,299,Friendly,10:39:00,1900-01-01 10:39:00,Safe,0
D0372,Srinagar Airbase (Jammu & Kashmir),226,159,Friendly,10:51:00,1900-01-01 10:51:00,Safe,0
D0373,Tezpur Airbase (Assam),137,107,Friendly,13:41:00,1900-01-01 13:41:00,Safe,0
D0374,Pune (Lohegaon) Airbase (Maharashtra),263,290,Unknown,12:40:00,1900-01-01 12:40:00,Intrusion Alert,1
D0375,Ambala Air Force Station (Haryana),210,121,Friendly,13:23:00,1900-01-01 13:23:00,Safe,0
D0376,Leh Airbase (Ladakh),309,208,Friendly,13:21:00,1900-01-01 13:21:00,Safe,0
D0377,Leh Airbase (Ladakh),210,194,Friendly,14:35:00,1900-01-01 14:35:00,Safe,0
D0378,Leh Airbase (Ladakh),85,216,Friendly,09:06:00,1900-01-01 09:06:00,Safe,0
D0379,Ambala Air Force Station (Haryana),326,226,Friendly,16:33:00,1900-01-01 16:33:00,Safe,0
D0380,Srinagar Airbase (Jammu & Kashmir),398,265,Friendly,10:55:00,1900-01-01 10:55:00,Safe,0
D0381,Tezpur Airbase (Assam),311,223,Friendly,09:12:00,1900-01-01 09:12:00,Safe,0
D0382,Pune (Lohegaon) Airbase (Maharashtra),336,195,Friendly,09:49:00,1900-01-01 09:49:00,Safe,0
D0383,Delhi (Hindon) Airbase (Uttar Pradesh),342,248,Friendly,12:21:00,1900-01-01 12:21:00,Safe,0
D0384,Pune (Lohegaon) Airbase (Maharashtra),328,155,Friendly,11:54:00,1900-01-01 11:54:00,Safe,0
D0385,Delhi (Hindon) Airbase (Uttar Pradesh),114,159,Friendly,08:58:00,1900-01-01 08:58:00,Safe,0
D0386,Jaisalmer Airbase (Rajasthan),33,148,Friendly,14:25:00,1900-01-01 14:25:00,Safe,0
D0387,Bengaluru (Yelahanka) Airbase (Karnataka),292,232,Friendly,10:06:00,1900-01-01 10:06:00,Safe,0
D0388,Pune (Lohegaon) Airbase (Maharashtra),62,231,Friendly,08:00:00,1900-01-01 08:00:00,Safe,0
D0389,Ambala Air Force Station (Haryana),352,277,Unknown,11:30:00,1900-01-01 11:30:00,Intrusion Alert,1
D0390,Jaisalmer Airbase (Rajasthan),342,171,Friendly,17:24:00,1900-01-01 17:24:00,Safe,0
D0391,Tezpur Airbase (Assam),314,258,Friendly,14:36:00,1900-01-01 14:36:00,Safe,0
D0392,Delhi (Hindon) Airbase (Uttar Pradesh),276,169,Friendly,16:37:00,1900-01-01 16:37:00,Safe,0
D0393,Jaisalmer Airbase (Rajasthan),203,300,Friendly,15:59:00,1900-01-01 15:59:00,Safe,0
D0394,Leh Airbase (Ladakh),141,286,Unknown,13:59:00,1900-01-01 13:59:00,Intrusion Alert,1
D0395,Jaisalmer Airbase (Rajasthan),376,284,Friendly,17:40:00,1900-01-01 17:40:00,Safe,0
D0396,Jaisalmer Airbase (Rajasthan),267,137,Unknown,13:14:00,1900-01-01 13:14:00,Safe,0
D0397,Delhi (Hindon) Airbase (Uttar Pradesh),217,182,Unknown,14:09:00,1900-01-01 14:09:00,Safe,0
D0398,Srinagar Airbase (Jammu & Kashmir),134,204,Friendly,08:11:00,1900-01-01 08:11:00,Safe,0
D0399,Jaisalmer Airbase (Rajasthan),372,187,Friendly,17:56:00,1900-01-01 17:56:00,Safe,0
D0400,Leh Airbase (Ladakh),79,152,Friendly,17:11:00,1900-01-01 17:11:00,Safe,0
D0401,Delhi (Hindon) Airbase (Uttar Pradesh),34,275,Unknown,14:54:00,1900-01-01 14:54:00,Intrusion Alert,1
D0402,Tezpur Airbase (Assam),110,110,Friendly,11:36:00,1900-01-01 11:36:00,Safe,0
D0403,Bengaluru (Yelahanka) Airbase (Karnataka),269,294,Friendly,16:59:00,1900-01-01 16:59:00,Safe,0
D0404,Leh Airbase (Ladakh),72,232,Friendly,08:40:00,1900-01-01 08:40:00,Safe,0
D0405,Jaisalmer Airbase (Rajasthan),198,164,Unknown,14:43:00,1900-01-01 14:43:00,Safe,0
D0406,Bengaluru (Yelahanka) Airbase (Karnataka),147,278,Friendly,16:58:00,1900-01-01 16:58:00,Safe,0
D0407,Srinagar Airbase (Jammu & Kashmir),240,204,Friendly,08:42:00,1900-01-01 08:42:00,Safe,0
D0408,Jaisalmer Airbase (Rajasthan),106,233,Friendly,13:20:00,1900-01-01 13:20:00,Safe,0
D0409,Delhi (Hindon) Airbase (Uttar Pradesh),279,206,Friendly,13:16:00,1900-01-01 13:16:00,Safe,0
D0410,Tezpur Airbase (Assam),43,221,Friendly,09:12:00,1900-01-01 09:12:00,Safe,0
D0411,Bengaluru (Yelahanka) Airbase (Karnataka),164,171,Friendly,13:57:00,1900-01-01 13:57:00,Safe,0
D0412,Delhi (Hindon) Airbase (Uttar Pradesh),358,183,Friendly,16:42:00,1900-01-01 16:42:00,Safe,0
D0413,Bengaluru (Yelahanka) Airbase (Karnataka),55,228,Friendly,17:50:00,1900-01-01 17:50:00,Safe,0
D0414,Srinagar Airbase (Jammu & Kashmir),391,132,Friendly,11:01:00,1900-01-01 11:01:00,Safe,0
D0415,Jaisalmer Airbase (Rajasthan),338,234,Friendly,11:05:00,1900-01-01 11:05:00,Safe,0
D0416,Jaisalmer Airbase (Rajasthan),365,159,Friendly,11:54:00,1900-01-01 11:54:00,Safe,0
D0417,Srinagar Airbase (Jammu & Kashmir),231,186,Friendly,10:43:00,1900-01-01 10:43:00,Safe,0
D0418,Jaisalmer Airbase (Rajasthan),71,101,Friendly,14:10:00,1900-01-01 14:10:00,Safe,0
D0419,Bengaluru (Yelahanka) Airbase (Karnataka),210,164,Friendly,10:36:00,1900-01-01 10:36:00,Safe,0
D0420,Bengaluru (Yelahanka) Airbase (Karnataka),357,136,Friendly,09:01:00,1900-01-01 09:01:00,Safe,0
D0421,Jaisalmer Airbase (Rajasthan),345,205,Unknown,14:01:00,1900-01-01 14:01:00,Intrusion Alert,1
D0422,Delhi (Hindon) Airbase (Uttar Pradesh),349,182,Friendly,13:59:00,1900-01-01 13:59:00,Safe,0
D0423,Leh Airbase (Ladakh),350,158,Friendly,08:58:00,1900-01-01 08:58:00,Safe,0
D0424,Tezpur Airbase (Assam),227,197,Friendly,16:44:00,1900-01-01 16:44:00,Safe,0
D0425,Delhi (Hindon) Airbase (Uttar Pradesh),207,111,Friendly,14:23:00,1900-01-01 14:23:00,Safe,0
D0426,Srinagar Airbase (Jammu & Kashmir),176,110,Friendly,11:12:00,1900-01-01 11:12:00,Safe,0
D0427,Jaisalmer Airbase (Rajasthan),202,243,Friendly,11:52:00,1900-01-01 11:52:00,Safe,0
D0428,Bengaluru (Yelahanka) Airbase (Karnataka),381,169,Friendly,12:14:00,1900-01-01 12:14:00,Safe,0
D0429,Leh Airbase (Ladakh),217,148,Friendly,10:26:00,1900-01-01 10:26:00,Safe,0
D0430,Bengaluru (Yelahanka) Airbase (Karnataka),158,190,Friendly,13:51:00,1900-01-01 13:51:00,Safe,0
D0431,Bengaluru (Yelahanka) Airbase (Karnataka),243,104,Friendly,13:33:00,1900-01-01 13:33:00,Safe,0
D0432,Pune (Lohegaon) Airbase (Maharashtra),275,163,Friendly,08:40:00,1900-01-01 08:40:00,Safe,0
D0433,Delhi (Hindon) Airbase (Uttar Pradesh),261,174,Friendly,16:54:00,1900-01-01 16:54:00,Safe,0
D0434,Delhi (Hindon) Airbase (Uttar Pradesh),56,212,Friendly,15:41:00,1900-01-01 15:41:00,Safe,0
D0435,Bengaluru (Yelahanka) Airbase (Karnataka),304,187,Friendly,14:33:00,1900-01-01 14:33:00,Safe,0
D0436,Leh Airbase (Ladakh),261,110,Friendly,10:27:00,1900-01-01 10:27:00,Safe,0
D0437,Bengaluru (Yelahanka) Airbase (Karnataka),345,292,Friendly,10:46:00,1900-01-01 10:46:00,Safe,0
D0438,Ambala Air Force Station (Haryana),115,272,Unknown,17:27:00,1900-01-01 17:27:00,Intrusion Alert,1
D0439,Leh Airbase (Ladakh),288,182,Friendly,09:17:00,1900-01-01 09:17:00,Safe,0
D0440,Ambala Air Force Station (Haryana),280,109,Friendly,11:12:00,1900-01-01 11:12:00,Safe,0
D0441,Ambala Air Force Station (Haryana),135,126,Friendly,16:08:00,1900-01-01 16:08:00,Safe,0
D0442,Pune (Lohegaon) Airbase (Maharashtra),46,197,Friendly,11:59:00,1900-01-01 11:59:00,Safe,0
D0443,Jaisalmer Airbase (Rajasthan),335,287,Friendly,12:09:00,1900-01-01 12:09:00,Safe,0
D0444,Srinagar Airbase (Jammu & Kashmir),115,109,Friendly,13:35:00,1900-01-01 13:35:00,Safe,0
D0445,Bengaluru (Yelahanka) Airbase (Karnataka),289,141,Friendly,09:43:00,1900-01-01 09:43:00,Safe,0
D0446,Delhi (Hindon) Airbase (Uttar Pradesh),106,264,Friendly,11:47:00,1900-01-01 11:47:00,Safe,0
D0447,Bengaluru (Yelahanka) Airbase (Karnataka),97,155,Friendly,12:42:00,1900-01-01 12:42:00,Safe,0
D0448,Bengaluru (Yelahanka) Airbase (Karnataka),368,171,Friendly,16:22:00,1900-01-01 16:22:00,Safe,0
D0449,Jaisalmer Airbase (Rajasthan),305,227,Friendly,17:33:00,1900-01-01 17:33:00,Safe,0
D0450,Jaisalmer Airbase (Rajasthan),293,175,Unknown,10:15:00,1900-01-01 10:15:00,Safe,0
D0451,Bengaluru (Yelahanka) Airbase (Karnataka),111,272,Friendly,09:20:00,1900-01-01 09:20:00,Safe,0
D0452,Leh Airbase (Ladakh),349,135,Friendly,14:24:00,1900-01-01 14:24:00,Safe,0
D0453,Jaisalmer Airbase (Rajasthan),311,136,Friendly,09:35:00,1900-01-01 09:35:00,Safe,0
D0454,Pune (Lohegaon) Airbase (Maharashtra),226,200,Friendly,16:16:00,1900-01-01 16:16:00,Safe,0
D0455,Srinagar Airbase (Jammu & Kashmir),103,293,Friendly,17:45:00,1900-01-01 17:45:00,Safe,0
D0456,Tezpur Airbase (Assam),245,100,Friendly,14:21:00,1900-01-01 14:21:00,Safe,0
D0457,Pune (Lohegaon) Airbase (Maharashtra),101,235,Friendly,10:03:00,1900-01-01 10:03:00,Safe,0
D0458,Bengaluru (Yelahanka) Airbase (Karnataka),266,217,Friendly,08:56:00,1900-01-01 08:56:00,Safe,0
D0459,Bengaluru (Yelahanka) Airbase (Karnataka),330,188,Friendly,13:51:00,1900-01-01 13:51:00,Safe,0
D0460,Leh Airbase (Ladakh),261,190,Friendly,17:18:00,1900-01-01 17:18:00,Safe,0
D0461,Pune (Lohegaon) Airbase (Maharashtra),244,228,Friendly,11:59:00,1900-01-01 11:59:00,Safe,0
D0462,Tezpur Airbase (Assam),244,192,Friendly,11:06:00,1900-01-01 11:06:00,Safe,0
D0463,Leh Airbase (Ladakh),323,125,Friendly,13:14:00,1900-01-01 13:14:00,Safe,0
D0464,Srinagar Airbase (Jammu & Kashmir),218,160,Friendly,09:51:00,1900-01-01 09:51:00,Safe,0
D0465,Leh Airbase (Ladakh),255,173,Friendly,12:28:00,1900-01-01 12:28:00,Safe,0
D0466,Leh Airbase (Ladakh),245,113,Unknown,08:56:00,1900-01-01 08:56:00,Safe,0
D0467,Tezpur Airbase (Assam),308,280,Friendly,16:26:00,1900-01-01 16:26:00,Safe,0
D0468,Jaisalmer Airbase (Rajasthan),317,115,Unknown,09:41:00,1900-01-01 09:41:00,Safe,0
D0469,Tezpur Airbase (Assam),356,284,Friendly,11:49:00,1900-01-01 11:49:00,Safe,0
D0470,Jaisalmer Airbase (Rajasthan),57,180,Friendly,17:20:00,1900-01-01 17:20:00,Safe,0
D0471,Delhi (Hindon) Airbase (Uttar Pradesh),226,224,Friendly,15:12:00,1900-01-01 15:12:00,Safe,0
D0472,Jaisalmer Airbase (Rajasthan),131,110,Friendly,17:51:00,1900-01-01 17:51:00,Safe,0
D0473,Leh Airbase (Ladakh),54,110,Friendly,11:54:00,1900-01-01 11:54:00,Safe,0
D0474,Bengaluru (Yelahanka) Airbase (Karnataka),130,199,Friendly,16:14:00,1900-01-01 16:14:00,Safe,0
D0475,Leh Airbase (Ladakh),45,175,Friendly,16:40:00,1900-01-01 16:40:00,Safe,0
D0476,Leh Airbase (Ladakh),136,204,Unknown,17:36:00,1900-01-01 17:36:00,Intrusion Alert,1
D0477,Ambala Air Force Station (Haryana),90,139,Friendly,16:56:00,1900-01-01 16:56:00,Safe,0
D0478,Tezpur Airbase (Assam),308,202,Friendly,16:41:00,1900-01-01 16:41:00,Safe,0
D0479,Pune (Lohegaon) Airbase (Maharashtra),326,285,Friendly,16:47:00,1900-01-01 16:47:00,Safe,0
D0480,Ambala Air Force Station (Haryana),392,279,Friendly,15:28:00,1900-01-01 15:28:00,Safe,0
D0481,Bengaluru (Yelahanka) Airbase (Karnataka),94,237,Friendly,09:31:00,1900-01-01 09:31:00,Safe,0
D0482,Srinagar Airbase (Jammu & Kashmir),331,188,Friendly,12:52:00,1900-01-01 12:52:00,Safe,0
D0483,Jaisalmer Airbase (Rajasthan),161,159,Friendly,09:25:00,1900-01-01 09:25:00,Safe,0
D0484,Srinagar Airbase (Jammu & Kashmir),382,144,Friendly,16:14:00,1900-01-01 16:14:00,Safe,0
D0485,Bengaluru (Yelahanka) Airbase (Karnataka),98,128,Friendly,08:14:00,1900-01-01 08:14:00,Safe,0
D0486,Delhi (Hindon) Airbase (Uttar Pradesh),118,235,Friendly,10:33:00,1900-01-01 10:33:00,Safe,0
D0487,Pune (Lohegaon) Airbase (Maharashtra),106,217,Friendly,13:26:00,1900-01-01 13:26:00,Safe,0
D0488,Ambala Air Force Station (Haryana),87,202,Friendly,14:22:00,1900-01-01 14:22:00,Safe,0
D0489,Ambala Air Force Station (Haryana),272,277,Friendly,10:08:00,1900-01-01 10:08:00,Safe,0
D0490,Leh Airbase (Ladakh),85,277,Friendly,14:30:00,1900-01-01 14:30:00,Safe,0
D0491,Jaisalmer Airbase (Rajasthan),135,168,Friendly,14:35:00,1900-01-01 14:35:00,Safe,0
D0492,Delhi (Hindon) Airbase (Uttar Pradesh),105,146,Friendly,11:18:00,1900-01-01 11:18:00,Safe,0
D0493,Delhi (Hindon) Airbase (Uttar Pradesh),163,290,Friendly,11:27:00,1900-01-01 11:27:00,Safe,0
D0494,Srinagar Airbase (Jammu & Kashmir),251,218,Friendly,16:05:00,1900-01-01 16:05:00,Safe,0
D0495,Bengaluru (Yelahanka) Airbase (Karnataka),161,201,Friendly,10:26:00,1900-01-01 10:26:00,Safe,0
D0496,Srinagar Airbase (Jammu & Kashmir),73,195,Unknown,11:56:00,1900-01-01 11:56:00,Safe,0
D0497,Leh Airbase (Ladakh),168,131,Friendly,12:50:00,1900-01-01 12:50:00,Safe,0
D0498,Tezpur Airbase (Assam),119,236,Friendly,13:07:00,1900-01-01 13:07:00,Safe,0
D0499,Tezpur Airbase (Assam),98,208,Friendly,14:27:00,1900-01-01 14:27:00,Safe,0
D0500,Leh Airbase (Ladakh),168,209,Friendly,17:39:00,1900-01-01 17:39:00,Safe,0
D0501,Jaisalmer Airbase (Rajasthan),256,195,Friendly,13:08:00,1900-01-01 13:08:00,Safe,0
D0502,Delhi (Hindon) Airbase (Uttar Pradesh),302,223,Unknown,17:59:00,1900-01-01 17:59:00,Intrusion Alert,1
D0503,Leh Airbase (Ladakh),312,105,Friendly,12:12:00,1900-01-01 12:12:00,Safe,0
D0504,Ambala Air Force Station (Haryana),252,171,Friendly,09:30:00,1900-01-01 09:30:00,Safe,0
D0505,Pune (Lohegaon) Airbase (Maharashtra),220,110,Friendly,13:54:00,1900-01-01 13:54:00,Safe,0
D0506,Ambala Air Force Station (Haryana),52,273,Friendly,12:26:00,1900-01-01 12:26:00,Safe,0
D0507,Leh Airbase (Ladakh),100,172,Friendly,15:49:00,1900-01-01 15:49:00,Safe,0
D0508,Delhi (Hindon) Airbase (Uttar Pradesh),321,247,Unknown,17:52:00,1900-01-01 17:52:00,Intrusion Alert,1
D0509,Srinagar Airbase (Jammu & Kashmir),360,199,Friendly,11:57:00,1900-01-01 11:57:00,Safe,0
D0510,Pune (Lohegaon) Airbase (Maharashtra),192,292,Unknown,14:17:00,1900-01-01 14:17:00,Intrusion Alert,1
D0511,Jaisalmer Airbase (Rajasthan),200,213,Unknown,12:46:00,1900-01-01 12:46:00,Intrusion Alert,1
D0512,Ambala Air Force Station (Haryana),160,224,Friendly,13:58:00,1900-01-01 13:58:00,Safe,0
D0513,Tezpur Airbase (Assam),171,114,Unknown,17:07:00,1900-01-01 17:07:00,Safe,0
D0514,Delhi (Hindon) Airbase (Uttar Pradesh),264,282,Friendly,17:16:00,1900-01-01 17:16:00,Safe,0
D0515,Jaisalmer Airbase (Rajasthan),126,168,Friendly,16:13:00,1900-01-01 16:13:00,Safe,0
D0516,Ambala Air Force Station (Haryana),115,208,Friendly,08:00:00,1900-01-01 08:00:00,Safe,0
D0517,Jaisalmer Airbase (Rajasthan),120,131,Friendly,17:24:00,1900-01-01 17:24:00,Safe,0
D0518,Srinagar Airbase (Jammu & Kashmir),86,191,Friendly,16:41:00,1900-01-01 16:41:00,Safe,0
D0519,Tezpur Airbase (Assam),100,241,Unknown,15:38:00,1900-01-01 15:38:00,Intrusion Alert,1
D0520,Leh Airbase (Ladakh),305,191,Friendly,12:49:00,1900-01-01 12:49:00,Safe,0
D0521,Delhi (Hindon) Airbase (Uttar Pradesh),104,126,Friendly,12:56:00,1900-01-01 12:56:00,Safe,0
D0522,Ambala Air Force Station (Haryana),268,297,Friendly,15:11:00,1900-01-01 15:11:00,Safe,0
D0523,Jaisalmer Airbase (Rajasthan),84,219,Friendly,13:25:00,1900-01-01 13:25:00,Safe,0
D0524,Bengaluru (Yelahanka) Airbase (Karnataka),149,171,Friendly,09:31:00,1900-01-01 09:31:00,Safe,0
D0525,Delhi (Hindon) Airbase (Uttar Pradesh),360,142,Friendly,14:01:00,1900-01-01 14:01:00,Safe,0
D0526,Leh Airbase (Ladakh),312,248,Friendly,13:51:00,1900-01-01 13:51:00,Safe,0
D0527,Jaisalmer Airbase (Rajasthan),175,125,Friendly,12:54:00,1900-01-01 12:54:00,Safe,0
D0528,Pune (Lohegaon) Airbase (Maharashtra),30,291,Friendly,17:07:00,1900-01-01 17:07:00,Safe,0
D0529,Leh Airbase (Ladakh),62,172,Unknown,16:23:00,1900-01-01 16:23:00,Safe,0
D0530,Jaisalmer Airbase (Rajasthan),400,272,Friendly,17:59:00,1900-01-01 17:59:00,Safe,0
D0531,Leh Airbase (Ladakh),213,271,Friendly,09:39:00,1900-01-01 09:39:00,Safe,0
D0532,Leh Airbase (Ladakh),267,173,Friendly,10:28:00,1900-01-01 10:28:00,Safe,0
D0533,Jaisalmer Airbase (Rajasthan),91,219,Friendly,13:55:00,1900-01-01 13:55:00,Safe,0
D0534,Leh Airbase (Ladakh),373,182,Friendly,13:15:00,1900-01-01 13:15:00,Safe,0
D0535,Bengaluru (Yelahanka) Airbase (Karnataka),397,185,Friendly,15:15:00,1900-01-01 15:15:00,Safe,0
D0536,Delhi (Hindon) Airbase (Uttar Pradesh),108,111,Friendly,08:37:00,1900-01-01 08:37:00,Safe,0
D0537,Jaisalmer Airbase (Rajasthan),159,124,Friendly,14:06:00,1900-01-01 14:06:00,Safe,0
D0538,Delhi (Hindon) Airbase (Uttar Pradesh),127,253,Friendly,08:39:00,1900-01-01 08:39:00,Safe,0
D0539,Srinagar Airbase (Jammu & Kashmir),359,290,Friendly,12:43:00,1900-01-01 12:43:00,Safe,0
D0540,Leh Airbase (Ladakh),398,261,Friendly,08:23:00,1900-01-01 08:23:00,Safe,0
D0541,Bengaluru (Yelahanka) Airbase (Karnataka),201,216,Friendly,12:57:00,1900-01-01 12:57:00,Safe,0
D0542,Tezpur Airbase (Assam),56,137,Friendly,12:02:00,1900-01-01 12:02:00,Safe,0
D0543,Tezpur Airbase (Assam),248,243,Unknown,08:41:00,1900-01-01 08:41:00,Intrusion Alert,1
D0544,Ambala Air Force Station (Haryana),293,149,Friendly,15:42:00,1900-01-01 15:42:00,Safe,0
D0545,Srinagar Airbase (Jammu & Kashmir),214,221,Friendly,16:46:00,1900-01-01 16:46:00,Safe,0
D0546,Leh Airbase (Ladakh),292,259,Friendly,15:56:00,1900-01-01 15:56:00,Safe,0
D0547,Srinagar Airbase (Jammu & Kashmir),302,237,Friendly,13:53:00,1900-01-01 13:53:00,Safe,0
D0548,Tezpur Airbase (Assam),158,173,Friendly,15:11:00,1900-01-01 15:11:00,Safe,0
D0549,Tezpur Airbase (Assam),341,132,Friendly,12:35:00,1900-01-01 12:35:00,Safe,0
D0550,Bengaluru (Yelahanka) Airbase (Karnataka),286,145,Friendly,09:18:00,1900-01-01 09:18:00,Safe,0
D0551,Delhi (Hindon) Airbase (Uttar Pradesh),351,201,Friendly,09:03:00,1900-01-01 09:03:00,Safe,0
D0552,Tezpur Airbase (Assam),143,286,Friendly,08:28:00,1900-01-01 08:28:00,Safe,0
D0553,Srinagar Airbase (Jammu & Kashmir),318,243,Friendly,14:55:00,1900-01-01 14:55:00,Safe,0
D0554,Bengaluru (Yelahanka) Airbase (Karnataka),244,284,Friendly,11:26:00,1900-01-01 11:26:00,Safe,0
D0555,Srinagar Airbase (Jammu & Kashmir),127,176,Friendly,18:00:00,1900-01-01 18:00:00,Safe,0
D0556,Tezpur Airbase (Assam),369,295,Friendly,09:01:00,1900-01-01 09:01:00,Safe,0
D0557,Jaisalmer Airbase (Rajasthan),137,227,Friendly,14:39:00,1900-01-01 14:39:00,Safe,0
D0558,Pune (Lohegaon) Airbase (Maharashtra),323,218,Friendly,12:40:00,1900-01-01 12:40:00,Safe,0
D0559,Delhi (Hindon) Airbase (Uttar Pradesh),125,145,Friendly,08:59:00,1900-01-01 08:59:00,Safe,0
D0560,Bengaluru (Yelahanka) Airbase (Karnataka),87,204,Friendly,10:30:00,1900-01-01 10:30:00,Safe,0
D0561,Delhi (Hindon) Airbase (Uttar Pradesh),378,265,Friendly,13:29:00,1900-01-01 13:29:00,Safe,0
D0562,Ambala Air Force Station (Haryana),259,131,Friendly,09:33:00,1900-01-01 09:33:00,Safe,0
D0563,Delhi (Hindon) Airbase (Uttar Pradesh),261,186,Friendly,13:30:00,1900-01-01 13:30:00,Safe,0
D0564,Tezpur Airbase (Assam),162,167,Friendly,17:24:00,1900-01-01 17:24:00,Safe,0
D0565,Tezpur Airbase (Assam),106,133,Friendly,16:50:00,1900-01-01 16:50:00,Safe,0
D0566,Tezpur Airbase (Assam),212,188,Friendly,10:24:00,1900-01-01 10:24:00,Safe,0
D0567,Jaisalmer Airbase (Rajasthan),120,119,Friendly,10:40:00,1900-01-01 10:40:00,Safe,0
D0568,Tezpur Airbase (Assam),342,279,Friendly,17:21:00,1900-01-01 17:21:00,Safe,0
D0569,Jaisalmer Airbase (Rajasthan),244,272,Friendly,15:43:00,1900-01-01 15:43:00,Safe,0
D0570,Tezpur Airbase (Assam),392,274,Unknown,08:27:00,1900-01-01 08:27:00,Intrusion Alert,1
D0571,Delhi (Hindon) Airbase (Uttar Pradesh),134,112,Friendly,09:46:00,1900-01-01 09:46:00,Safe,0
D0572,Ambala Air Force Station (Haryana),90,161,Friendly,09:47:00,1900-01-01 09:47:00,Safe,0
D0573,Delhi (Hindon) Airbase (Uttar Pradesh),340,247,Friendly,14:11:00,1900-01-01 14:11:00,Safe,0
D0574,Jaisalmer Airbase (Rajasthan),331,127,Friendly,12:36:00,1900-01-01 12:36:00,Safe,0
D0575,Ambala Air Force Station (Haryana),188,158,Friendly,11:35:00,1900-01-01 11:35:00,Safe,0
D0576,Leh Airbase (Ladakh),313,131,Friendly,13:15:00,1900-01-01 13:15:00,Safe,0
D0577,Delhi (Hindon) Airbase (Uttar Pradesh),264,105,Friendly,09:33:00,1900-01-01 09:33:00,Safe,0
D0578,Jaisalmer Airbase (Rajasthan),176,171,Friendly,10:42:00,1900-01-01 10:42:00,Safe,0
D0579,Jaisalmer Airbase (Rajasthan),58,280,Friendly,08:54:00,1900-01-01 08:54:00,Safe,0
D0580,Srinagar Airbase (Jammu & Kashmir),230,191,Unknown,17:53:00,1900-01-01 17:53:00,Safe,0
D0581,Bengaluru (Yelahanka) Airbase (Karnataka),35,123,Friendly,12:28:00,1900-01-01 12:28:00,Safe,0
D0582,Tezpur Airbase (Assam),192,226,Unknown,14:58:00,1900-01-01 14:58:00,Intrusion Alert,1
D0583,Jaisalmer Airbase (Rajasthan),378,261,Friendly,15:46:00,1900-01-01 15:46:00,Safe,0
D0584,Leh Airbase (Ladakh),94,107,Friendly,17:27:00,1900-01-01 17:27:00,Safe,0
D0585,Leh Airbase (Ladakh),212,101,Friendly,17:53:00,1900-01-01 17:53:00,Safe,0
D0586,Srinagar Airbase (Jammu & Kashmir),270,269,Friendly,08:46:00,1900-01-01 08:46:00,Safe,0
D0587,Srinagar Airbase (Jammu & Kashmir),341,122,Friendly,08:14:00,1900-01-01 08:14:00,Safe,0
D0588,Srinagar Airbase (Jammu & Kashmir),215,185,Friendly,11:31:00,1900-01-01 11:31:00,Safe,0
D0589,Tezpur Airbase (Assam),298,130,Friendly,16:30:00,1900-01-01 16:30:00,Safe,0
D0590,Srinagar Airbase (Jammu & Kashmir),98,161,Friendly,15:33:00,1900-01-01 15:33:00,Safe,0
D0591,Leh Airbase (Ladakh),375,276,Friendly,11:09:00,1900-01-01 11:09:00,Safe,0
D0592,Leh Airbase (Ladakh),90,171,Friendly,11:33:00,1900-01-01 11:33:00,Safe,0
D0593,Leh Airbase (Ladakh),153,160,Friendly,15:59:00,1900-01-01 15:59:00,Safe,0
D0594,Tezpur Airbase (Assam),90,219,Unknown,08:35:00,1900-01-01 08:35:00,Intrusion Alert,1
D0595,Pune (Lohegaon) Airbase (Maharashtra),308,158,Friendly,16:18:00,1900-01-01 16:18:00,Safe,0
D0596,Srinagar Airbase (Jammu & Kashmir),354,210,Friendly,13:37:00,1900-01-01 13:37:00,Safe,0
D0597,Ambala Air Force Station (Haryana),162,230,Friendly,08:16:00,1900-01-01 08:16:00,Safe,0
D0598,Delhi (Hindon) Airbase (Uttar Pradesh),148,239,Friendly,16:19:00,1900-01-01 16:19:00,Safe,0
D0599,Bengaluru (Yelahanka) Airbase (Karnataka),398,134,Friendly,09:52:00,1900-01-01 09:52:00,Safe,0
D0600,Pune (Lohegaon) Airbase (Maharashtra),182,101,Friendly,15:54:00,1900-01-01 15:54:00,Safe,0
D0601,Jaisalmer Airbase (Rajasthan),174,293,Unknown,12:48:00,1900-01-01 12:48:00,Intrusion Alert,1
D0602,Bengaluru (Yelahanka) Airbase (Karnataka),123,147,Friendly,11:00:00,1900-01-01 11:00:00,Safe,0
D0603,Jaisalmer Airbase (Rajasthan),257,159,Friendly,14:50:00,1900-01-01 14:50:00,Safe,0
D0604,Delhi (Hindon) Airbase (Uttar Pradesh),206,257,Friendly,13:08:00,1900-01-01 13:08:00,Safe,0
D0605,Bengaluru (Yelahanka) Airbase (Karnataka),98,289,Friendly,11:21:00,1900-01-01 11:21:00,Safe,0
D0606,Leh Airbase (Ladakh),110,265,Friendly,12:46:00,1900-01-01 12:46:00,Safe,0
D0607,Srinagar Airbase (Jammu & Kashmir),252,110,Unknown,11:52:00,1900-01-01 11:52:00,Safe,0
D0608,Pune (Lohegaon) Airbase (Maharashtra),70,293,Friendly,12:09:00,1900-01-01 12:09:00,Safe,0
D0609,Srinagar Airbase (Jammu & Kashmir),103,247,Friendly,11:33:00,1900-01-01 11:33:00,Safe,0
D0610,Leh Airbase (Ladakh),341,291,Friendly,12:23:00,1900-01-01 12:23:00,Safe,0
D0611,Tezpur Airbase (Assam),308,149,Friendly,17:03:00,1900-01-01 17:03:00,Safe,0
D0612,Jaisalmer Airbase (Rajasthan),209,138,Friendly,15:25:00,1900-01-01 15:25:00,Safe,0
D0613,Tezpur Airbase (Assam),335,161,Friendly,17:33:00,1900-01-01 17:33:00,Safe,0
D0614,Bengaluru (Yelahanka) Airbase (Karnataka),378,258,Friendly,12:14:00,1900-01-01 12:14:00,Safe,0
D0615,Bengaluru (Yelahanka) Airbase (Karnataka),189,197,Friendly,15:24:00,1900-01-01 15:24:00,Safe,0
D0616,Jaisalmer Airbase (Rajasthan),207,274,Unknown,11:11:00,1900-01-01 11:11:00,Intrusion Alert,1
D0617,Bengaluru (Yelahanka) Airbase (Karnataka),113,229,Friendly,14:35:00,1900-01-01 14:35:00,Safe,0
D0618,Bengaluru (Yelahanka) Airbase (Karnataka),297,118,Friendly,14:35:00,1900-01-01 14:35:00,Safe,0
D0619,Bengaluru (Yelahanka) Airbase (Karnataka),107,116,Friendly,09:05:00,1900-01-01 09:05:00,Safe,0
D0620,Ambala Air Force Station (Haryana),334,135,Friendly,09:29:00,1900-01-01 09:29:00,Safe,0
D0621,Jaisalmer Airbase (Rajasthan),84,100,Friendly,16:15:00,1900-01-01 16:15:00,Safe,0
D0622,Pune (Lohegaon) Airbase (Maharashtra),226,124,Unknown,11:05:00,1900-01-01 11:05:00,Safe,0
D0623,Leh Airbase (Ladakh),175,300,Friendly,13:44:00,1900-01-01 13:44:00,Safe,0
D0624,Tezpur Airbase (Assam),339,100,Friendly,10:53:00,1900-01-01 10:53:00,Safe,0
D0625,Jaisalmer Airbase (Rajasthan),78,235,Friendly,12:49:00,1900-01-01 12:49:00,Safe,0
D0626,Delhi (Hindon) Airbase (Uttar Pradesh),382,181,Friendly,16:17:00,1900-01-01 16:17:00,Safe,0
D0627,Leh Airbase (Ladakh),244,274,Friendly,16:11:00,1900-01-01 16:11:00,Safe,0
D0628,Pune (Lohegaon) Airbase (Maharashtra),267,227,Friendly,14:22:00,1900-01-01 14:22:00,Safe,0
D0629,Pune (Lohegaon) Airbase (Maharashtra),91,176,Friendly,15:41:00,1900-01-01 15:41:00,Safe,0
D0630,Ambala Air Force Station (Haryana),89,283,Unknown,15:32:00,1900-01-01 15:32:00,Intrusion Alert,1
D0631,Leh Airbase (Ladakh),168,133,Friendly,10:10:00,1900-01-01 10:10:00,Safe,0
D0632,Pune (Lohegaon) Airbase (Maharashtra),241,290,Friendly,15:55:00,1900-01-01 15:55:00,Safe,0
D0633,Leh Airbase (Ladakh),391,279,Friendly,10:06:00,1900-01-01 10:06:00,Safe,0
D0634,Srinagar Airbase (Jammu & Kashmir),258,109,Friendly,09:22:00,1900-01-01 09:22:00,Safe,0
D0635,Tezpur Airbase (Assam),330,204,Friendly,17:36:00,1900-01-01 17:36:00,Safe,0
D0636,Ambala Air Force Station (Haryana),56,228,Unknown,11:52:00,1900-01-01 11:52:00,Intrusion Alert,1
D0637,Jaisalmer Airbase (Rajasthan),70,186,Unknown,12:57:00,1900-01-01 12:57:00,Safe,0
D0638,Bengaluru (Yelahanka) Airbase (Karnataka),41,262,Friendly,08:46:00,1900-01-01 08:46:00,Safe,0
D0639,Bengaluru (Yelahanka) Airbase (Karnataka),246,143,Friendly,08:55:00,1900-01-01 08:55:00,Safe,0
D0640,Bengaluru (Yelahanka) Airbase (Karnataka),166,176,Friendly,09:41:00,1900-01-01 09:41:00,Safe,0
D0641,Ambala Air Force Station (Haryana),355,287,Friendly,14:09:00,1900-01-01 14:09:00,Safe,0
D0642,Leh Airbase (Ladakh),221,223,Friendly,15:53:00,1900-01-01 15:53:00,Safe,0
D0643,Ambala Air Force Station (Haryana),333,295,Unknown,11:24:00,1900-01-01 11:24:00,Intrusion Alert,1
D0644,Jaisalmer Airbase (Rajasthan),306,267,Friendly,09:45:00,1900-01-01 09:45:00,Safe,0
D0645,Jaisalmer Airbase (Rajasthan),185,226,Friendly,15:56:00,1900-01-01 15:56:00,Safe,0
D0646,Srinagar Airbase (Jammu & Kashmir),390,254,Friendly,13:37:00,1900-01-01 13:37:00,Safe,0
D0647,Tezpur Airbase (Assam),36,274,Friendly,16:06:00,1900-01-01 16:06:00,Safe,0
D0648,Ambala Air Force Station (Haryana),268,260,Friendly,16:58:00,1900-01-01 16:58:00,Safe,0
D0649,Tezpur Airbase (Assam),246,236,Unknown,16:34:00,1900-01-01 16:34:00,Intrusion Alert,1
D0650,Pune (Lohegaon) Airbase (Maharashtra),355,221,Friendly,09:48:00,1900-01-01 09:48:00,Safe,0
D0651,Bengaluru (Yelahanka) Airbase (Karnataka),35,280,Friendly,10:29:00,1900-01-01 10:29:00,Safe,0
D0652,Srinagar Airbase (Jammu & Kashmir),43,169,Friendly,12:11:00,1900-01-01 12:11:00,Safe,0
D0653,Tezpur Airbase (Assam),128,278,Friendly,11:39:00,1900-01-01 11:39:00,Safe,0
D0654,Leh Airbase (Ladakh),360,234,Friendly,10:14:00,1900-01-01 10:14:00,Safe,0
D0655,Jaisalmer Airbase (Rajasthan),136,191,Unknown,11:07:00,1900-01-01 11:07:00,Safe,0
D0656,Delhi (Hindon) Airbase (Uttar Pradesh),333,189,Friendly,15:45:00,1900-01-01 15:45:00,Safe,0
D0657,Tezpur Airbase (Assam),379,216,Friendly,17:50:00,1900-01-01 17:50:00,Safe,0
D0658,Delhi (Hindon) Airbase (Uttar Pradesh),76,122,Unknown,17:43:00,1900-01-01 17:43:00,Safe,0
D0659,Tezpur Airbase (Assam),342,197,Friendly,11:23:00,1900-01-01 11:23:00,Safe,0
D0660,Tezpur Airbase (Assam),361,173,Friendly,17:41:00,1900-01-01 17:41:00,Safe,0
D0661,Bengaluru (Yelahanka) Airbase (Karnataka),315,222,Friendly,09:41:00,1900-01-01 09:41:00,Safe,0
D0662,Srinagar Airbase (Jammu & Kashmir),353,197,Unknown,14:50:00,1900-01-01 14:50:00,Safe,0
D0663,Leh Airbase (Ladakh),281,212,Friendly,10:58:00,1900-01-01 10:58:00,Safe,0
D0664,Delhi (Hindon) Airbase (Uttar Pradesh),245,180,Friendly,17:02:00,1900-01-01 17:02:00,Safe,0
D0665,Tezpur Airbase (Assam),46,172,Friendly,09:53:00,1900-01-01 09:53:00,Safe,0
D0666,Bengaluru (Yelahanka) Airbase (Karnataka),194,139,Friendly,11:11:00,1900-01-01 11:11:00,Safe,0
D0667,Leh Airbase (Ladakh),251,141,Friendly,08:17:00,1900-01-01 08:17:00,Safe,0
D0668,Delhi (Hindon) Airbase (Uttar Pradesh),165,173,Friendly,15:27:00,1900-01-01 15:27:00,Safe,0
D0669,Srinagar Airbase (Jammu & Kashmir),217,261,Friendly,09:46:00,1900-01-01 09:46:00,Safe,0
D0670,Leh Airbase (Ladakh),161,209,Friendly,10:58:00,1900-01-01 10:58:00,Safe,0
D0671,Leh Airbase (Ladakh),368,136,Friendly,15:31:00,1900-01-01 15:31:00,Safe,0
D0672,Ambala Air Force Station (Haryana),177,165,Friendly,15:53:00,1900-01-01 15:53:00,Safe,0
D0673,Leh Airbase (Ladakh),254,268,Friendly,13:38:00,1900-01-01 13:38:00,Safe,0
D0674,Pune (Lohegaon) Airbase (Maharashtra),363,210,Friendly,09:05:00,1900-01-01 09:05:00,Safe,0
D0675,Bengaluru (Yelahanka) Airbase (Karnataka),378,258,Friendly,13:33:00,1900-01-01 13:33:00,Safe,0
D0676,Ambala Air Force Station (Haryana),64,135,Unknown,17:21:00,1900-01-01 17:21:00,Safe,0
D0677,Delhi (Hindon) Airbase (Uttar Pradesh),195,139,Unknown,08:05:00,1900-01-01 08:05:00,Safe,0
D0678,Jaisalmer Airbase (Rajasthan),372,238,Friendly,14:05:00,1900-01-01 14:05:00,Safe,0
D0679,Tezpur Airbase (Assam),37,203,Friendly,10:46:00,1900-01-01 10:46:00,Safe,0
D0680,Ambala Air Force Station (Haryana),396,151,Friendly,08:58:00,1900-01-01 08:58:00,Safe,0
D0681,Leh Airbase (Ladakh),94,216,Friendly,14:04:00,1900-01-01 14:04:00,Safe,0
D0682,Ambala Air Force Station (Haryana),86,298,Friendly,09:44:00,1900-01-01 09:44:00,Safe,0
D0683,Ambala Air Force Station (Haryana),270,193,Friendly,10:03:00,1900-01-01 10:03:00,Safe,0
D0684,Tezpur Airbase (Assam),362,196,Friendly,08:18:00,1900-01-01 08:18:00,Safe,0
D0685,Delhi (Hindon) Airbase (Uttar Pradesh),306,231,Friendly,15:08:00,1900-01-01 15:08:00,Safe,0
D0686,Bengaluru (Yelahanka) Airbase (Karnataka),251,157,Friendly,12:11:00,1900-01-01 12:11:00,Safe,0
D0687,Srinagar Airbase (Jammu & Kashmir),376,278,Friendly,11:19:00,1900-01-01 11:19:00,Safe,0
D0688,Delhi (Hindon) Airbase (Uttar Pradesh),146,196,Friendly,17:38:00,1900-01-01 17:38:00,Safe,0
D0689,Leh Airbase (Ladakh),195,125,Friendly,08:26:00,1900-01-01 08:26:00,Safe,0
D0690,Jaisalmer Airbase (Rajasthan),335,256,Friendly,17:27:00,1900-01-01 17:27:00,Safe,0
D0691,Delhi (Hindon) Airbase (Uttar Pradesh),292,289,Friendly,15:49:00,1900-01-01 15:49:00,Safe,0
D0692,Jaisalmer Airbase (Rajasthan),341,147,Friendly,10:46:00,1900-01-01 10:46:00,Safe,0
D0693,Tezpur Airbase (Assam),192,252,Friendly,08:24:00,1900-01-01 08:24:00,Safe,0
D0694,Bengaluru (Yelahanka) Airbase (Karnataka),154,226,Friendly,10:40:00,1900-01-01 10:40:00,Safe,0
D0695,Tezpur Airbase (Assam),385,211,Friendly,17:53:00,1900-01-01 17:53:00,Safe,0
D0696,Tezpur Airbase (Assam),233,205,Friendly,17:56:00,1900-01-01 17:56:00,Safe,0
D0697,Bengaluru (Yelahanka) Airbase (Karnataka),130,291,Friendly,13:18:00,1900-01-01 13:18:00,Safe,0
D0698,Ambala Air Force Station (Haryana),253,135,Friendly,16:13:00,1900-01-01 16:13:00,Safe,0
D0699,Leh Airbase (Ladakh),374,297,Friendly,17:47:00,1900-01-01 17:47:00,Safe,0
D0700,Jaisalmer Airbase (Rajasthan),167,239,Friendly,17:29:00,1900-01-01 17:29:00,Safe,0
D0701,Delhi (Hindon) Airbase (Uttar Pradesh),351,155,Friendly,09:25:00,1900-01-01 09:25:00,Safe,0
D0702,Leh Airbase (Ladakh),97,274,Friendly,13:04:00,1900-01-01 13:04:00,Safe,0
D0703,Pune (Lohegaon) Airbase (Maharashtra),162,290,Friendly,09:27:00,1900-01-01 09:27:00,Safe,0
D0704,Tezpur Airbase (Assam),290,161,Friendly,14:02:00,1900-01-01 14:02:00,Safe,0
D0705,Leh Airbase (Ladakh),329,194,Friendly,09:42:00,1900-01-01 09:42:00,Safe,0
D0706,Srinagar Airbase (Jammu & Kashmir),171,273,Friendly,12:51:00,1900-01-01 12:51:00,Safe,0
D0707,Ambala Air Force Station (Haryana),142,213,Friendly,14:16:00,1900-01-01 14:16:00,Safe,0
D0708,Jaisalmer Airbase (Rajasthan),275,228,Friendly,09:29:00,1900-01-01 09:29:00,Safe,0
D0709,Bengaluru (Yelahanka) Airbase (Karnataka),221,117,Unknown,10:50:00,1900-01-01 10:50:00,Safe,0
D0710,Tezpur Airbase (Assam),381,232,Friendly,13:17:00,1900-01-01 13:17:00,Safe,0
D0711,Pune (Lohegaon) Airbase (Maharashtra),119,152,Unknown,17:35:00,1900-01-01 17:35:00,Safe,0
D0712,Pune (Lohegaon) Airbase (Maharashtra),309,221,Friendly,15:11:00,1900-01-01 15:11:00,Safe,0
D0713,Bengaluru (Yelahanka) Airbase (Karnataka),388,107,Unknown,17:19:00,1900-01-01 17:19:00,Safe,0
D0714,Pune (Lohegaon) Airbase (Maharashtra),214,135,Friendly,09:50:00,1900-01-01 09:50:00,Safe,0
D0715,Srinagar Airbase (Jammu & Kashmir),143,299,Friendly,08:05:00,1900-01-01 08:05:00,Safe,0
D0716,Jaisalmer Airbase (Rajasthan),249,219,Friendly,14:20:00,1900-01-01 14:20:00,Safe,0
D0717,Ambala Air Force Station (Haryana),335,209,Friendly,12:29:00,1900-01-01 12:29:00,Safe,0
D0718,Tezpur Airbase (Assam),251,131,Friendly,13:57:00,1900-01-01 13:57:00,Safe,0
D0719,Ambala Air Force Station (Haryana),276,252,Friendly,11:42:00,1900-01-01 11:42:00,Safe,0
D0720,Bengaluru (Yelahanka) Airbase (Karnataka),202,203,Friendly,13:24:00,1900-01-01 13:24:00,Safe,0
D0721,Leh Airbase (Ladakh),254,186,Friendly,10:00:00,1900-01-01 10:00:00,Safe,0
D0722,Srinagar Airbase (Jammu & Kashmir),153,117,Friendly,12:39:00,1900-01-01 12:39:00,Safe,0
D0723,Jaisalmer Airbase (Rajasthan),183,150,Friendly,08:37:00,1900-01-01 08:37:00,Safe,0
D0724,Pune (Lohegaon) Airbase (Maharashtra),397,232,Friendly,09:35:00,1900-01-01 09:35:00,Safe,0
D0725,Jaisalmer Airbase (Rajasthan),392,199,Friendly,16:19:00,1900-01-01 16:19:00,Safe,0
D0726,Tezpur Airbase (Assam),266,115,Friendly,14:56:00,1900-01-01 14:56:00,Safe,0
D0727,Pune (Lohegaon) Airbase (Maharashtra),199,261,Friendly,11:18:00,1900-01-01 11:18:00,Safe,0
D0728,Bengaluru (Yelahanka) Airbase (Karnataka),166,111,Friendly,14:57:00,1900-01-01 14:57:00,Safe,0
D0729,Tezpur Airbase (Assam),46,265,Friendly,17:42:00,1900-01-01 17:42:00,Safe,0
D0730,Bengaluru (Yelahanka) Airbase (Karnataka),386,107,Friendly,13:13:00,1900-01-01 13:13:00,Safe,0
D0731,Pune (Lohegaon) Airbase (Maharashtra),189,144,Unknown,17:13:00,1900-01-01 17:13:00,Safe,0
D0732,Delhi (Hindon) Airbase (Uttar Pradesh),386,149,Friendly,11:10:00,1900-01-01 11:10:00,Safe,0
D0733,Bengaluru (Yelahanka) Airbase (Karnataka),392,211,Friendly,13:06:00,1900-01-01 13:06:00,Safe,0
D0734,Ambala Air Force Station (Haryana),194,180,Friendly,12:39:00,1900-01-01 12:39:00,Safe,0
D0735,Pune (Lohegaon) Airbase (Maharashtra),104,175,Friendly,11:06:00,1900-01-01 11:06:00,Safe,0
D0736,Ambala Air Force Station (Haryana),182,197,Friendly,15:56:00,1900-01-01 15:56:00,Safe,0
D0737,Pune (Lohegaon) Airbase (Maharashtra),252,140,Friendly,15:49:00,1900-01-01 15:49:00,Safe,0
D0738,Srinagar Airbase (Jammu & Kashmir),315,114,Friendly,15:44:00,1900-01-01 15:44:00,Safe,0
D0739,Tezpur Airbase (Assam),350,149,Friendly,10:25:00,1900-01-01 10:25:00,Safe,0
D0740,Delhi (Hindon) Airbase (Uttar Pradesh),369,261,Friendly,08:15:00,1900-01-01 08:15:00,Safe,0
D0741,Pune (Lohegaon) Airbase (Maharashtra),153,259,Friendly,15:13:00,1900-01-01 15:13:00,Safe,0
D0742,Bengaluru (Yelahanka) Airbase (Karnataka),80,257,Friendly,16:32:00,1900-01-01 16:32:00,Safe,0
D0743,Srinagar Airbase (Jammu & Kashmir),122,259,Friendly,17:47:00,1900-01-01 17:47:00,Safe,0
D0744,Pune (Lohegaon) Airbase (Maharashtra),326,128,Friendly,11:02:00,1900-01-01 11:02:00,Safe,0
D0745,Ambala Air Force Station (Haryana),209,286,Friendly,14:19:00,1900-01-01 14:19:00,Safe,0
D0746,Ambala Air Force Station (Haryana),358,257,Friendly,11:37:00,1900-01-01 11:37:00,Safe,0
D0747,Leh Airbase (Ladakh),191,189,Friendly,13:55:00,1900-01-01 13:55:00,Safe,0
D0748,Delhi (Hindon) Airbase (Uttar Pradesh),382,189,Friendly,16:03:00,1900-01-01 16:03:00,Safe,0
D0749,Ambala Air Force Station (Haryana),150,299,Friendly,08:13:00,1900-01-01 08:13:00,Safe,0
D0750,Pune (Lohegaon) Airbase (Maharashtra),397,103,Friendly,14:13:00,1900-01-01 14:13:00,Safe,0
D0751,Ambala Air Force Station (Haryana),389,250,Friendly,08:12:00,1900-01-01 08:12:00,Safe,0
D0752,Leh Airbase (Ladakh),224,208,Friendly,14:06:00,1900-01-01 14:06:00,Safe,0
D0753,Leh Airbase (Ladakh),79,281,Friendly,08:44:00,1900-01-01 08:44:00,Safe,0
D0754,Delhi (Hindon) Airbase (Uttar Pradesh),213,272,Friendly,13:19:00,1900-01-01 13:19:00,Safe,0
D0755,Jaisalmer Airbase (Rajasthan),351,296,Unknown,09:18:00,1900-01-01 09:18:00,Intrusion Alert,1
D0756,Srinagar Airbase (Jammu & Kashmir),264,268,Friendly,12:57:00,1900-01-01 12:57:00,Safe,0
D0757,Srinagar Airbase (Jammu & Kashmir),39,135,Friendly,12:45:00,1900-01-01 12:45:00,Safe,0
D0758,Leh Airbase (Ladakh),162,144,Friendly,16:09:00,1900-01-01 16:09:00,Safe,0
D0759,Leh Airbase (Ladakh),62,145,Friendly,09:47:00,1900-01-01 09:47:00,Safe,0
D0760,Jaisalmer Airbase (Rajasthan),235,131,Unknown,12:00:00,1900-01-01 12:00:00,Safe,0
D0761,Pune (Lohegaon) Airbase (Maharashtra),147,202,Friendly,13:24:00,1900-01-01 13:24:00,Safe,0
D0762,Bengaluru (Yelahanka) Airbase (Karnataka),378,137,Unknown,13:33:00,1900-01-01 13:33:00,Safe,0
D0763,Pune (Lohegaon) Airbase (Maharashtra),381,187,Friendly,16:02:00,1900-01-01 16:02:00,Safe,0
D0764,Jaisalmer Airbase (Rajasthan),150,229,Friendly,13:59:00,1900-01-01 13:59:00,Safe,0
D0765,Jaisalmer Airbase (Rajasthan),355,139,Friendly,13:29:00,1900-01-01 13:29:00,Safe,0
D0766,Jaisalmer Airbase (Rajasthan),89,290,Friendly,14:20:00,1900-01-01 14:20:00,Safe,0
D0767,Leh Airbase (Ladakh),83,255,Friendly,10:32:00,1900-01-01 10:32:00,Safe,0
D0768,Jaisalmer Airbase (Rajasthan),335,270,Friendly,09:29:00,1900-01-01 09:29:00,Safe,0
D0769,Srinagar Airbase (Jammu & Kashmir),36,271,Friendly,16:24:00,1900-01-01 16:24:00,Safe,0
D0770,Jaisalmer Airbase (Rajasthan),170,153,Friendly,16:10:00,1900-01-01 16:10:00,Safe,0
D0771,Jaisalmer Airbase (Rajasthan),221,273,Friendly,10:50:00,1900-01-01 10:50:00,Safe,0
D0772,Pune (Lohegaon) Airbase (Maharashtra),261,253,Friendly,16:05:00,1900-01-01 16:05:00,Safe,0
D0773,Ambala Air Force Station (Haryana),364,101,Unknown,09:35:00,1900-01-01 09:35:00,Safe,0
D0774,Bengaluru (Yelahanka) Airbase (Karnataka),110,185,Friendly,09:31:00,1900-01-01 09:31:00,Safe,0
D0775,Srinagar Airbase (Jammu & Kashmir),251,143,Friendly,17:32:00,1900-01-01 17:32:00,Safe,0
D0776,Pune (Lohegaon) Airbase (Maharashtra),252,263,Friendly,17:19:00,1900-01-01 17:19:00,Safe,0
D0777,Srinagar Airbase (Jammu & Kashmir),293,169,Friendly,15:30:00,1900-01-01 15:30:00,Safe,0
D0778,Ambala Air Force Station (Haryana),110,124,Friendly,12:27:00,1900-01-01 12:27:00,Safe,0
D0779,Ambala Air Force Station (Haryana),358,205,Friendly,15:33:00,1900-01-01 15:33:00,Safe,0
D0780,Bengaluru (Yelahanka) Airbase (Karnataka),56,149,Friendly,15:03:00,1900-01-01 15:03:00,Safe,0
D0781,Leh Airbase (Ladakh),303,164,Friendly,10:17:00,1900-01-01 10:17:00,Safe,0
D0782,Jaisalmer Airbase (Rajasthan),91,238,Friendly,12:25:00,1900-01-01 12:25:00,Safe,0
D0783,Ambala Air Force Station (Haryana),252,255,Friendly,17:33:00,1900-01-01 17:33:00,Safe,0
D0784,Srinagar Airbase (Jammu & Kashmir),337,199,Friendly,10:18:00,1900-01-01 10:18:00,Safe,0
D0785,Srinagar Airbase (Jammu & Kashmir),42,202,Friendly,15:26:00,1900-01-01 15:26:00,Safe,0
D0786,Bengaluru (Yelahanka) Airbase (Karnataka),284,212,Friendly,14:40:00,1900-01-01 14:40:00,Safe,0
D0787,Ambala Air Force Station (Haryana),252,295,Friendly,08:21:00,1900-01-01 08:21:00,Safe,0
D0788,Tezpur Airbase (Assam),399,141,Friendly,08:55:00,1900-01-01 08:55:00,Safe,0
D0789,Tezpur Airbase (Assam),84,275,Friendly,14:32:00,1900-01-01 14:32:00,Safe,0
D0790,Pune (Lohegaon) Airbase (Maharashtra),143,283,Unknown,08:41:00,1900-01-01 08:41:00,Intrusion Alert,1
D0791,Bengaluru (Yelahanka) Airbase (Karnataka),80,263,Friendly,17:00:00,1900-01-01 17:00:00,Safe,0
D0792,Leh Airbase (Ladakh),101,101,Friendly,11:23:00,1900-01-01 11:23:00,Safe,0
D0793,Bengaluru (Yelahanka) Airbase (Karnataka),185,178,Friendly,09:26:00,1900-01-01 09:26:00,Safe,0
D0794,Ambala Air Force Station (Haryana),204,222,Friendly,14:28:00,1900-01-01 14:28:00,Safe,0
D0795,Jaisalmer Airbase (Rajasthan),226,106,Unknown,11:43:00,1900-01-01 11:43:00,Safe,0
D0796,Delhi (Hindon) Airbase (Uttar Pradesh),224,294,Friendly,16:44:00,1900-01-01 16:44:00,Safe,0
D0797,Bengaluru (Yelahanka) Airbase (Karnataka),257,238,Friendly,08:07:00,1900-01-01 08:07:00,Safe,0
D0798,Bengaluru (Yelahanka) Airbase (Karnataka),186,264,Friendly,09:36:00,1900-01-01 09:36:00,Safe,0
D0799,Srinagar Airbase (Jammu & Kashmir),203,234,Friendly,16:58:00,1900-01-01 16:58:00,Safe,0
D0800,Pune (Lohegaon) Airbase (Maharashtra),299,297,Unknown,14:32:00,1900-01-01 14:32:00,Intrusion Alert,1
D0801,Pune (Lohegaon) Airbase (Maharashtra),182,208,Friendly,17:29:00,1900-01-01 17:29:00,Safe,0
D0802,Leh Airbase (Ladakh),341,180,Unknown,17:49:00,1900-01-01 17:49:00,Safe,0
D0803,Jaisalmer Airbase (Rajasthan),224,202,Friendly,15:48:00,1900-01-01 15:48:00,Safe,0
D0804,Tezpur Airbase (Assam),135,142,Friendly,17:47:00,1900-01-01 17:47:00,Safe,0
D0805,Ambala Air Force Station (Haryana),242,228,Friendly,17:37:00,1900-01-01 17:37:00,Safe,0
D0806,Leh Airbase (Ladakh),83,108,Friendly,08:18:00,1900-01-01 08:18:00,Safe,0
D0807,Jaisalmer Airbase (Rajasthan),65,148,Friendly,17:47:00,1900-01-01 17:47:00,Safe,0
D0808,Leh Airbase (Ladakh),380,186,Friendly,12:25:00,1900-01-01 12:25:00,Safe,0
D0809,Jaisalmer Airbase (Rajasthan),60,212,Friendly,12:31:00,1900-01-01 12:31:00,Safe,0
D0810,Tezpur Airbase (Assam),160,287,Friendly,11:36:00,1900-01-01 11:36:00,Safe,0
D0811,Pune (Lohegaon) Airbase (Maharashtra),380,238,Friendly,08:39:00,1900-01-01 08:39:00,Safe,0
D0812,Tezpur Airbase (Assam),380,181,Friendly,14:16:00,1900-01-01 14:16:00,Safe,0
D0813,Delhi (Hindon) Airbase (Uttar Pradesh),90,148,Friendly,10:29:00,1900-01-01 10:29:00,Safe,0
D0814,Delhi (Hindon) Airbase (Uttar Pradesh),296,191,Friendly,10:12:00,1900-01-01 10:12:00,Safe,0
D0815,Tezpur Airbase (Assam),123,227,Friendly,13:38:00,1900-01-01 13:38:00,Safe,0
D0816,Jaisalmer Airbase (Rajasthan),387,116,Unknown,10:18:00,1900-01-01 10:18:00,Safe,0
D0817,Bengaluru (Yelahanka) Airbase (Karnataka),137,140,Friendly,16:38:00,1900-01-01 16:38:00,Safe,0
D0818,Srinagar Airbase (Jammu & Kashmir),230,166,Friendly,08:59:00,1900-01-01 08:59:00,Safe,0
D0819,Ambala Air Force Station (Haryana),225,201,Friendly,08:43:00,1900-01-01 08:43:00,Safe,0
D0820,Leh Airbase (Ladakh),35,139,Friendly,11:49:00,1900-01-01 11:49:00,Safe,0
D0821,Pune (Lohegaon) Airbase (Maharashtra),393,284,Friendly,17:45:00,1900-01-01 17:45:00,Safe,0
D0822,Bengaluru (Yelahanka) Airbase (Karnataka),368,279,Friendly,13:08:00,1900-01-01 13:08:00,Safe,0
D0823,Srinagar Airbase (Jammu & Kashmir),382,166,Friendly,13:30:00,1900-01-01 13:30:00,Safe,0
D0824,Pune (Lohegaon) Airbase (Maharashtra),335,242,Friendly,13:30:00,1900-01-01 13:30:00,Safe,0
D0825,Delhi (Hindon) Airbase (Uttar Pradesh),103,248,Friendly,12:37:00,1900-01-01 12:37:00,Safe,0
D0826,Leh Airbase (Ladakh),367,137,Friendly,08:47:00,1900-01-01 08:47:00,Safe,0
D0827,Delhi (Hindon) Airbase (Uttar Pradesh),160,163,Friendly,14:02:00,1900-01-01 14:02:00,Safe,0
D0828,Bengaluru (Yelahanka) Airbase (Karnataka),274,164,Friendly,10:51:00,1900-01-01 10:51:00,Safe,0
D0829,Pune (Lohegaon) Airbase (Maharashtra),342,219,Friendly,15:53:00,1900-01-01 15:53:00,Safe,0
D0830,Jaisalmer Airbase (Rajasthan),159,283,Friendly,14:36:00,1900-01-01 14:36:00,Safe,0
D0831,Delhi (Hindon) Airbase (Uttar Pradesh),184,296,Friendly,13:01:00,1900-01-01 13:01:00,Safe,0
D0832,Jaisalmer Airbase (Rajasthan),394,168,Friendly,13:06:00,1900-01-01 13:06:00,Safe,0
D0833,Delhi (Hindon) Airbase (Uttar Pradesh),273,163,Friendly,10:08:00,1900-01-01 10:08:00,Safe,0
D0834,Jaisalmer Airbase (Rajasthan),374,179,Friendly,12:38:00,1900-01-01 12:38:00,Safe,0
D0835,Delhi (Hindon) Airbase (Uttar Pradesh),164,242,Friendly,11:31:00,1900-01-01 11:31:00,Safe,0
D0836,Srinagar Airbase (Jammu & Kashmir),121,248,Friendly,10:32:00,1900-01-01 10:32:00,Safe,0
D0837,Delhi (Hindon) Airbase (Uttar Pradesh),211,274,Friendly,11:13:00,1900-01-01 11:13:00,Safe,0
D0838,Delhi (Hindon) Airbase (Uttar Pradesh),273,299,Friendly,08:50:00,1900-01-01 08:50:00,Safe,0
D0839,Delhi (Hindon) Airbase (Uttar Pradesh),184,165,Unknown,16:59:00,1900-01-01 16:59:00,Safe,0
D0840,Ambala Air Force Station (Haryana),170,164,Friendly,17:54:00,1900-01-01 17:54:00,Safe,0
D0841,Jaisalmer Airbase (Rajasthan),82,159,Friendly,08:46:00,1900-01-01 08:46:00,Safe,0
D0842,Bengaluru (Yelahanka) Airbase (Karnataka),305,135,Friendly,17:06:00,1900-01-01 17:06:00,Safe,0
D0843,Ambala Air Force Station (Haryana),186,172,Friendly,11:06:00,1900-01-01 11:06:00,Safe,0
D0844,Srinagar Airbase (Jammu & Kashmir),350,172,Friendly,11:45:00,1900-01-01 11:45:00,Safe,0
D0845,Bengaluru (Yelahanka) Airbase (Karnataka),390,131,Friendly,17:28:00,1900-01-01 17:28:00,Safe,0
D0846,Tezpur Airbase (Assam),154,210,Friendly,16:20:00,1900-01-01 16:20:00,Safe,0
D0847,Srinagar Airbase (Jammu & Kashmir),277,127,Friendly,15:46:00,1900-01-01 15:46:00,Safe,0
D0848,Delhi (Hindon) Airbase (Uttar Pradesh),355,190,Unknown,15:58:00,1900-01-01 15:58:00,Safe,0
D0849,Pune (Lohegaon) Airbase (Maharashtra),91,207,Friendly,09:46:00,1900-01-01 09:46:00,Safe,0
D0850,Srinagar Airbase (Jammu & Kashmir),213,253,Friendly,11:06:00,1900-01-01 11:06:00,Safe,0
D0851,Jaisalmer Airbase (Rajasthan),339,277,Friendly,08:44:00,1900-01-01 08:44:00,Safe,0
D0852,Pune (Lohegaon) Airbase (Maharashtra),95,268,Friendly,10:47:00,1900-01-01 10:47:00,Safe,0
D0853,Tezpur Airbase (Assam),65,265,Friendly,14:18:00,1900-01-01 14:18:00,Safe,0
D0854,Bengaluru (Yelahanka) Airbase (Karnataka),51,144,Friendly,09:53:00,1900-01-01 09:53:00,Safe,0
D0855,Jaisalmer Airbase (Rajasthan),327,166,Friendly,14:51:00,1900-01-01 14:51:00,Safe,0
D0856,Jaisalmer Airbase (Rajasthan),282,122,Friendly,16:27:00,1900-01-01 16:27:00,Safe,0
D0857,Leh Airbase (Ladakh),49,123,Friendly,09:45:00,1900-01-01 09:45:00,Safe,0
D0858,Bengaluru (Yelahanka) Airbase (Karnataka),386,294,Unknown,10:19:00,1900-01-01 10:19:00,Intrusion Alert,1
D0859,Srinagar Airbase (Jammu & Kashmir),313,186,Friendly,13:27:00,1900-01-01 13:27:00,Safe,0
D0860,Leh Airbase (Ladakh),120,106,Friendly,08:22:00,1900-01-01 08:22:00,Safe,0
D0861,Leh Airbase (Ladakh),376,172,Friendly,12:40:00,1900-01-01 12:40:00,Safe,0
D0862,Ambala Air Force Station (Haryana),53,213,Friendly,17:43:00,1900-01-01 17:43:00,Safe,0
D0863,Pune (Lohegaon) Airbase (Maharashtra),137,270,Friendly,16:48:00,1900-01-01 16:48:00,Safe,0
D0864,Jaisalmer Airbase (Rajasthan),190,197,Friendly,08:32:00,1900-01-01 08:32:00,Safe,0
D0865,Bengaluru (Yelahanka) Airbase (Karnataka),131,112,Unknown,13:00:00,1900-01-01 13:00:00,Safe,0
D0866,Leh Airbase (Ladakh),315,215,Friendly,08:39:00,1900-01-01 08:39:00,Safe,0
D0867,Delhi (Hindon) Airbase (Uttar Pradesh),297,160,Friendly,12:53:00,1900-01-01 12:53:00,Safe,0
D0868,Bengaluru (Yelahanka) Airbase (Karnataka),127,191,Friendly,10:24:00,1900-01-01 10:24:00,Safe,0
D0869,Srinagar Airbase (Jammu & Kashmir),118,123,Unknown,16:49:00,1900-01-01 16:49:00,Safe,0
D0870,Jaisalmer Airbase (Rajasthan),53,160,Unknown,11:22:00,1900-01-01 11:22:00,Safe,0
D0871,Leh Airbase (Ladakh),235,254,Friendly,13:46:00,1900-01-01 13:46:00,Safe,0
D0872,Jaisalmer Airbase (Rajasthan),138,269,Friendly,15:00:00,1900-01-01 15:00:00,Safe,0
D0873,Tezpur Airbase (Assam),108,177,Unknown,10:30:00,1900-01-01 10:30:00,Safe,0
D0874,Delhi (Hindon) Airbase (Uttar Pradesh),215,252,Friendly,09:04:00,1900-01-01 09:04:00,Safe,0
D0875,Srinagar Airbase (Jammu & Kashmir),351,300,Friendly,08:08:00,1900-01-01 08:08:00,Safe,0
D0876,Delhi (Hindon) Airbase (Uttar Pradesh),374,125,Friendly,09:28:00,1900-01-01 09:28:00,Safe,0
D0877,Tezpur Airbase (Assam),387,169,Unknown,17:16:00,1900-01-01 17:16:00,Safe,0
D0878,Delhi (Hindon) Airbase (Uttar Pradesh),67,217,Unknown,10:05:00,1900-01-01 10:05:00,Intrusion Alert,1
D0879,Srinagar Airbase (Jammu & Kashmir),299,215,Friendly,15:35:00,1900-01-01 15:35:00,Safe,0
D0880,Srinagar Airbase (Jammu & Kashmir),382,110,Friendly,14:49:00,1900-01-01 14:49:00,Safe,0
D0881,Jaisalmer Airbase (Rajasthan),328,127,Friendly,12:39:00,1900-01-01 12:39:00,Safe,0
D0882,Bengaluru (Yelahanka) Airbase (Karnataka),104,107,Friendly,08:17:00,1900-01-01 08:17:00,Safe,0
D0883,Ambala Air Force Station (Haryana),332,295,Friendly,17:21:00,1900-01-01 17:21:00,Safe,0
D0884,Jaisalmer Airbase (Rajasthan),33,132,Friendly,08:03:00,1900-01-01 08:03:00,Safe,0
D0885,Srinagar Airbase (Jammu & Kashmir),258,290,Friendly,15:09:00,1900-01-01 15:09:00,Safe,0
D0886,Ambala Air Force Station (Haryana),240,245,Friendly,15:47:00,1900-01-01 15:47:00,Safe,0
D0887,Leh Airbase (Ladakh),97,251,Friendly,12:39:00,1900-01-01 12:39:00,Safe,0
D0888,Tezpur Airbase (Assam),94,237,Friendly,13:46:00,1900-01-01 13:46:00,Safe,0
D0889,Leh Airbase (Ladakh),34,149,Friendly,12:48:00,1900-01-01 12:48:00,Safe,0
D0890,Jaisalmer Airbase (Rajasthan),109,156,Friendly,12:23:00,1900-01-01 12:23:00,Safe,0
D0891,Jaisalmer Airbase (Rajasthan),50,172,Unknown,11:15:00,1900-01-01 11:15:00,Safe,0
D0892,Tezpur Airbase (Assam),140,153,Friendly,12:50:00,1900-01-01 12:50:00,Safe,0
D0893,Tezpur Airbase (Assam),70,125,Friendly,15:26:00,1900-01-01 15:26:00,Safe,0
D0894,Bengaluru (Yelahanka) Airbase (Karnataka),359,123,Friendly,14:40:00,1900-01-01 14:40:00,Safe,0
D0895,Jaisalmer Airbase (Rajasthan),255,123,Friendly,11:25:00,1900-01-01 11:25:00,Safe,0
D0896,Jaisalmer Airbase (Rajasthan),120,234,Friendly,16:35:00,1900-01-01 16:35:00,Safe,0
D0897,Jaisalmer Airbase (Rajasthan),303,233,Friendly,10:58:00,1900-01-01 10:58:00,Safe,0
D0898,Pune (Lohegaon) Airbase (Maharashtra),120,232,Friendly,17:19:00,1900-01-01 17:19:00,Safe,0
D0899,Jaisalmer Airbase (Rajasthan),356,105,Friendly,14:49:00,1900-01-01 14:49:00,Safe,0
D0900,Jaisalmer Airbase (Rajasthan),135,127,Friendly,12:58:00,1900-01-01 12:58:00,Safe,0
D0901,Ambala Air Force Station (Haryana),365,141,Friendly,17:04:00,1900-01-01 17:04:00,Safe,0
D0902,Leh Airbase (Ladakh),101,124,Friendly,17:19:00,1900-01-01 17:19:00,Safe,0
D0903,Leh Airbase (Ladakh),340,124,Friendly,10:18:00,1900-01-01 10:18:00,Safe,0
D0904,Pune (Lohegaon) Airbase (Maharashtra),68,127,Friendly,10:50:00,1900-01-01 10:50:00,Safe,0
D0905,Jaisalmer Airbase (Rajasthan),304,139,Friendly,11:49:00,1900-01-01 11:49:00,Safe,0
D0906,Pune (Lohegaon) Airbase (Maharashtra),351,214,Friendly,09:01:00,1900-01-01 09:01:00,Safe,0
D0907,Ambala Air Force Station (Haryana),273,189,Unknown,08:02:00,1900-01-01 08:02:00,Safe,0
D0908,Leh Airbase (Ladakh),169,196,Friendly,12:49:00,1900-01-01 12:49:00,Safe,0
D0909,Tezpur Airbase (Assam),68,184,Friendly,14:48:00,1900-01-01 14:48:00,Safe,0
D0910,Pune (Lohegaon) Airbase (Maharashtra),57,117,Friendly,12:36:00,1900-01-01 12:36:00,Safe,0
D0911,Tezpur Airbase (Assam),220,132,Unknown,10:08:00,1900-01-01 10:08:00,Safe,0
D0912,Bengaluru (Yelahanka) Airbase (Karnataka),57,290,Unknown,15:04:00,1900-01-01 15:04:00,Intrusion Alert,1
D0913,Srinagar Airbase (Jammu & Kashmir),319,185,Friendly,12:14:00,1900-01-01 12:14:00,Safe,0
D0914,Bengaluru (Yelahanka) Airbase (Karnataka),31,105,Unknown,12:05:00,1900-01-01 12:05:00,Intrusion Alert,1
D0915,Bengaluru (Yelahanka) Airbase (Karnataka),348,141,Friendly,13:16:00,1900-01-01 13:16:00,Safe,0
D0916,Pune (Lohegaon) Airbase (Maharashtra),379,186,Friendly,17:17:00,1900-01-01 17:17:00,Safe,0
D0917,Ambala Air Force Station (Haryana),362,200,Friendly,12:42:00,1900-01-01 12:42:00,Safe,0
D0918,Bengaluru (Yelahanka) Airbase (Karnataka),359,267,Friendly,12:52:00,1900-01-01 12:52:00,Safe,0
D0919,Delhi (Hindon) Airbase (Uttar Pradesh),233,148,Friendly,13:33:00,1900-01-01 13:33:00,Safe,0
D0920,Srinagar Airbase (Jammu & Kashmir),47,124,Friendly,09:08:00,1900-01-01 09:08:00,Safe,0
D0921,Tezpur Airbase (Assam),48,223,Friendly,15:24:00,1900-01-01 15:24:00,Safe,0
D0922,Leh Airbase (Ladakh),309,186,Friendly,15:34:00,1900-01-01 15:34:00,Safe,0
D0923,Jaisalmer Airbase (Rajasthan),171,173,Friendly,11:20:00,1900-01-01 11:20:00,Safe,0
D0924,Pune (Lohegaon) Airbase (Maharashtra),255,247,Unknown,13:20:00,1900-01-01 13:20:00,Intrusion Alert,1
D0925,Jaisalmer Airbase (Rajasthan),333,225,Friendly,11:02:00,1900-01-01 11:02:00,Safe,0
D0926,Jaisalmer Airbase (Rajasthan),337,131,Friendly,16:30:00,1900-01-01 16:30:00,Safe,0
D0927,Srinagar Airbase (Jammu & Kashmir),355,282,Friendly,16:55:00,1900-01-01 16:55:00,Safe,0
D0928,Pune (Lohegaon) Airbase (Maharashtra),191,282,Friendly,11:23:00,1900-01-01 11:23:00,Safe,0
D0929,Bengaluru (Yelahanka) Airbase (Karnataka),196,245,Unknown,13:46:00,1900-01-01 13:46:00,Intrusion Alert,1
D0930,Pune (Lohegaon) Airbase (Maharashtra),344,249,Friendly,14:46:00,1900-01-01 14:46:00,Safe,0
D0931,Tezpur Airbase (Assam),397,278,Friendly,15:02:00,1900-01-01 15:02:00,Safe,0
D0932,Srinagar Airbase (Jammu & Kashmir),100,251,Friendly,10:54:00,1900-01-01 10:54:00,Safe,0
D0933,Jaisalmer Airbase (Rajasthan),142,191,Friendly,16:10:00,1900-01-01 16:10:00,Safe,0
D0934,Leh Airbase (Ladakh),365,161,Friendly,17:45:00,1900-01-01 17:45:00,Safe,0
D0935,Delhi (Hindon) Airbase (Uttar Pradesh),187,118,Friendly,16:52:00,1900-01-01 16:52:00,Safe,0
D0936,Jaisalmer Airbase (Rajasthan),41,270,Friendly,11:59:00,1900-01-01 11:59:00,Safe,0
D0937,Tezpur Airbase (Assam),372,292,Friendly,09:03:00,1900-01-01 09:03:00,Safe,0
D0938,Srinagar Airbase (Jammu & Kashmir),332,105,Friendly,08:30:00,1900-01-01 08:30:00,Safe,0
D0939,Delhi (Hindon) Airbase (Uttar Pradesh),34,200,Friendly,11:54:00,1900-01-01 11:54:00,Safe,0
D0940,Pune (Lohegaon) Airbase (Maharashtra),228,149,Friendly,14:01:00,1900-01-01 14:01:00,Safe,0
D0941,Leh Airbase (Ladakh),30,283,Friendly,16:12:00,1900-01-01 16:12:00,Safe,0
D0942,Pune (Lohegaon) Airbase (Maharashtra),213,283,Friendly,15:46:00,1900-01-01 15:46:00,Safe,0
D0943,Bengaluru (Yelahanka) Airbase (Karnataka),339,286,Friendly,09:19:00,1900-01-01 09:19:00,Safe,0
D0944,Pune (Lohegaon) Airbase (Maharashtra),336,250,Friendly,12:54:00,1900-01-01 12:54:00,Safe,0
D0945,Pune (Lohegaon) Airbase (Maharashtra),176,183,Unknown,13:44:00,1900-01-01 13:44:00,Safe,0
D0946,Srinagar Airbase (Jammu & Kashmir),262,107,Unknown,16:35:00,1900-01-01 16:35:00,Safe,0
D0947,Bengaluru (Yelahanka) Airbase (Karnataka),140,151,Friendly,14:43:00,1900-01-01 14:43:00,Safe,0
D0948,Bengaluru (Yelahanka) Airbase (Karnataka),109,134,Friendly,13:16:00,1900-01-01 13:16:00,Safe,0
D0949,Ambala Air Force Station (Haryana),361,243,Friendly,09:46:00,1900-01-01 09:46:00,Safe,0
D0950,Ambala Air Force Station (Haryana),144,230,Friendly,12:02:00,1900-01-01 12:02:00,Safe,0
D0951,Srinagar Airbase (Jammu & Kashmir),115,100,Friendly,15:21:00,1900-01-01 15:21:00,Safe,0
D0952,Tezpur Airbase (Assam),292,237,Friendly,11:47:00,1900-01-01 11:47:00,Safe,0
D0953,Srinagar Airbase (Jammu & Kashmir),166,290,Friendly,15:07:00,1900-01-01 15:07:00,Safe,0
D0954,Tezpur Airbase (Assam),200,183,Friendly,13:00:00,1900-01-01 13:00:00,Safe,0
D0955,Tezpur Airbase (Assam),100,203,Friendly,17:39:00,1900-01-01 17:39:00,Safe,0
D0956,Ambala Air Force Station (Haryana),223,209,Friendly,09:29:00,1900-01-01 09:29:00,Safe,0
D0957,Ambala Air Force Station (Haryana),269,107,Friendly,15:24:00,1900-01-01 15:24:00,Safe,0
D0958,Leh Airbase (Ladakh),325,120,Friendly,15:40:00,1900-01-01 15:40:00,Safe,0
D0959,Leh Airbase (Ladakh),181,199,Friendly,09:34:00,1900-01-01 09:34:00,Safe,0
D0960,Leh Airbase (Ladakh),98,178,Friendly,08:11:00,1900-01-01 08:11:00,Safe,0
D0961,Pune (Lohegaon) Airbase (Maharashtra),198,216,Friendly,09:24:00,1900-01-01 09:24:00,Safe,0
D0962,Srinagar Airbase (Jammu & Kashmir),309,169,Friendly,10:02:00,1900-01-01 10:02:00,Safe,0
D0963,Pune (Lohegaon) Airbase (Maharashtra),307,189,Friendly,10:30:00,1900-01-01 10:30:00,Safe,0
D0964,Jaisalmer Airbase (Rajasthan),208,105,Unknown,12:20:00,1900-01-01 12:20:00,Safe,0
D0965,Bengaluru (Yelahanka) Airbase (Karnataka),39,149,Friendly,14:18:00,1900-01-01 14:18:00,Safe,0
D0966,Srinagar Airbase (Jammu & Kashmir),240,126,Friendly,08:42:00,1900-01-01 08:42:00,Safe,0
D0967,Tezpur Airbase (Assam),151,144,Friendly,12:27:00,1900-01-01 12:27:00,Safe,0
D0968,Tezpur Airbase (Assam),176,170,Friendly,17:44:00,1900-01-01 17:44:00,Safe,0
D0969,Pune (Lohegaon) Airbase (Maharashtra),321,111,Unknown,08:47:00,1900-01-01 08:47:00,Safe,0
D0970,Jaisalmer Airbase (Rajasthan),182,250,Friendly,12:12:00,1900-01-01 12:12:00,Safe,0
D0971,Srinagar Airbase (Jammu & Kashmir),140,169,Friendly,11:32:00,1900-01-01 11:32:00,Safe,0
D0972,Pune (Lohegaon) Airbase (Maharashtra),197,177,Friendly,16:30:00,1900-01-01 16:30:00,Safe,0
D0973,Bengaluru (Yelahanka) Airbase (Karnataka),318,143,Friendly,12:13:00,1900-01-01 12:13:00,Safe,0
D0974,Jaisalmer Airbase (Rajasthan),176,227,Friendly,12:17:00,1900-01-01 12:17:00,Safe,0
D0975,Pune (Lohegaon) Airbase (Maharashtra),288,245,Friendly,08:59:00,1900-01-01 08:59:00,Safe,0
D0976,Jaisalmer Airbase (Rajasthan),153,148,Friendly,11:30:00,1900-01-01 11:30:00,Safe,0
D0977,Tezpur Airbase (Assam),369,206,Friendly,14:47:00,1900-01-01 14:47:00,Safe,0
D0978,Jaisalmer Airbase (Rajasthan),333,222,Friendly,14:55:00,1900-01-01 14:55:00,Safe,0
D0979,Leh Airbase (Ladakh),49,175,Friendly,13:57:00,1900-01-01 13:57:00,Safe,0
D0980,Bengaluru (Yelahanka) Airbase (Karnataka),326,191,Friendly,12:23:00,1900-01-01 12:23:00,Safe,0
D0981,Srinagar Airbase (Jammu & Kashmir),289,231,Friendly,12:40:00,1900-01-01 12:40:00,Safe,0
D0982,Pune (Lohegaon) Airbase (Maharashtra),169,243,Friendly,12:27:00,1900-01-01 12:27:00,Safe,0
D0983,Srinagar Airbase (Jammu & Kashmir),154,174,Friendly,09:23:00,1900-01-01 09:23:00,Safe,0
D0984,Bengaluru (Yelahanka) Airbase (Karnataka),174,172,Friendly,13:53:00,1900-01-01 13:53:00,Safe,0
D0985,Bengaluru (Yelahanka) Airbase (Karnataka),344,249,Friendly,08:45:00,1900-01-01 08:45:00,Safe,0
D0986,Delhi (Hindon) Airbase (Uttar Pradesh),302,125,Friendly,14:50:00,1900-01-01 14:50:00,Safe,0
D0987,Ambala Air Force Station (Haryana),370,185,Friendly,16:20:00,1900-01-01 16:20:00,Safe,0
D0988,Bengaluru (Yelahanka) Airbase (Karnataka),160,207,Friendly,10:01:00,1900-01-01 10:01:00,Safe,0
D0989,Ambala Air Force Station (Haryana),306,242,Unknown,13:23:00,1900-01-01 13:23:00,Intrusion Alert,1
D0990,Tezpur Airbase (Assam),375,153,Friendly,11:58:00,1900-01-01 11:58:00,Safe,0
D0991,Bengaluru (Yelahanka) Airbase (Karnataka),296,286,Unknown,10:48:00,1900-01-01 10:48:00,Intrusion Alert,1
D0992,Jaisalmer Airbase (Rajasthan),355,102,Friendly,16:17:00,1900-01-01 16:17:00,Safe,0
D0993,Srinagar Airbase (Jammu & Kashmir),173,259,Unknown,12:33:00,1900-01-01 12:33:00,Intrusion Alert,1
D0994,Delhi (Hindon) Airbase (Uttar Pradesh),105,103,Friendly,08:29:00,1900-01-01 08:29:00,Safe,0
D0995,Bengaluru (Yelahanka) Airbase (Karnataka),60,171,Friendly,09:18:00,1900-01-01 09:18:00,Safe,0
D0996,Pune (Lohegaon) Airbase (Maharashtra),336,286,Friendly,14:29:00,1900-01-01 14:29:00,Safe,0
D0997,Ambala Air Force Station (Haryana),50,112,Friendly,13:51:00,1900-01-01 13:51:00,Safe,0
D0998,Leh Airbase (Ladakh),383,282,Friendly,09:40:00,1900-01-01 09:40:00,Safe,0
D0999,Tezpur Airbase (Assam),326,247,Friendly,13:18:00,1900-01-01 13:18:00,Safe,0
D1000,Srinagar Airbase (Jammu & Kashmir),91,205,Friendly,09:30:00,1900-01-01 09:30:00,Safe,0
